country,residential_structure,residential_content,residential,commercial_structure,commercial_content,commercial,industrial_structure,industrial_content,industrial,unknown_structure,unknown_content,unknown,gdp
Afghanistan,99.28469916,49.64234958,148.92704874,116.337117996,116.337117996,232.674235992,86.771923812,130.157885718,216.92980953,100.79791365599998,90.71812229039998,191.51603594639994,561.1976175
Albania,215.08229448,107.54114724,322.62344172,238.34796883199996,238.34796883199996,476.6959376639999,166.550867064,249.82630059599998,416.37716765999994,206.66037679200002,185.99433911280002,392.6547159048,4175.121638
Algeria,218.50048691999996,109.25024345999998,327.75073037999994,241.86052962,241.86052962,483.72105924,168.78066192,253.17099288,421.95165480000003,209.71389283200003,188.74250354880002,398.4563963808,4349.569325
American Samoa,0.0,0.0,0.0,0.0,0.0,0.0,0.0,0.0,0.0,0.0,0.0,0.0,
Andorra,0.0,0.0,0.0,0.0,0.0,0.0,0.0,0.0,0.0,0.0,0.0,0.0,
Angola,215.9432865,107.97164325,323.91492975,239.23310799599997,239.23310799599997,478.46621599199995,167.11303870799998,250.66955806199996,417.78259676999994,207.42981105599998,186.68682995039998,394.11664100639996,4218.649126
Antigua and Barbuda,333.300910752,166.650455376,499.951366128,357.860863656,357.860863656,715.721727312,240.99024006,361.48536009,602.47560015,310.71733815600004,279.64560434040004,590.3629424964001,13017.31039
Argentina,317.3410953359999,158.67054766799995,476.0116430039999,341.933761728,341.933761728,683.867523456,231.21990068399998,346.829851026,578.04975171,296.83158591599994,267.14842732439996,563.9800132403999,11460.37615
Armenia,192.365693028,96.182846514,288.548539542,214.89831907199996,214.89831907199996,429.7966381439999,151.585811856,227.378717784,378.96452964,186.28327465199996,167.65494718679997,353.9382218387999,3124.784854
Aruba,423.82217592,211.91108796,635.73326388,447.2296776,447.2296776,894.4593552,295.12901559599993,442.6935233939999,737.8225389899999,388.72695636000003,349.854260724,738.5812170840001,24289.14152
Australia,567.39531096,283.69765548,851.0929664399999,586.2576924,586.2576924,1172.5153848,377.46768096,566.20152144,943.6692023999999,510.37356131999996,459.33620518799995,969.7097665079999,51800.93139
Austria,544.03252344,272.01626172,816.04878516,563.82660972,563.82660972,1127.65321944,364.31536607999993,546.4730491199999,910.7884151999999,490.72483296,441.65234966400004,932.377182624,46444.18444
Azerbaijan,244.80793670399999,122.40396835199999,367.211905056,268.76630066399997,268.76630066399997,537.5326013279999,185.766246504,278.649369756,464.41561626,233.11349463599998,209.8021451724,442.9156398084,5842.805784
"Bahamas, The",407.55057552,203.77528776,611.32586328,431.27620812000004,431.27620812000004,862.5524162400001,285.54285477599996,428.3142821639999,713.8571369399999,374.78987964,337.310891676,712.100771316,21941.8693
Bahrain,397.36095624,198.68047812,596.04143436,421.2624887999999,421.2624887999999,842.5249775999998,279.50936579999996,419.26404869999993,698.7734145,366.04427039999996,329.43984336,695.4841137599999,20545.96702
Bangladesh,111.74505836399997,55.87252918199999,167.61758754599995,129.82509432,129.82509432,259.65018864,95.87103587999998,143.80655381999998,239.67758969999994,112.48039619999999,101.23235657999999,213.71275277999996,762.8037395
Barbados,359.23247330399994,179.61623665199997,538.8487099559999,383.62326552,383.62326552,767.24653104,256.711193928,385.066790892,641.77798482,333.18897757199994,299.87007981479996,633.0590573867999,15812.27978
Belarus,244.42089238799997,122.21044619399999,366.63133858199996,268.372022148,268.372022148,536.744044296,185.51849331599996,278.2777399739999,463.7962332899999,232.77046928399994,209.49342235559996,442.26389163959993,5818.854859
Belgium,534.4874244,267.2437122,801.7311366,554.6423106,554.6423106,1109.2846212,358.91657477999996,538.3748621699999,897.2914369499999,482.6821031999999,434.41389287999993,917.0959960799998,44358.26064
Belize,221.89808437199997,110.94904218599999,332.84712655799996,245.347998732,245.347998732,490.695997464,170.99161678799996,256.4874251819999,427.4790419699999,212.745899952,191.4713099568,404.2172099088,4527.336639
Benin,107.50981975199998,53.75490987599999,161.26472962799997,125.25338897999998,125.25338897999998,250.50677795999997,92.79702061199998,139.19553091799997,231.99255152999996,108.520076448,97.6680688032,206.1881452512,690.0022811
Bermuda,696.5163374399999,348.25816871999996,1044.7745061599999,709.1003084399999,709.1003084399999,1418.2006168799999,448.73088515999996,673.0963277399999,1121.8272128999997,618.1158437999999,556.3042594199999,1174.4201032199999,88207.32756
Bhutan,168.37757740799998,84.18878870399999,252.56636611199997,189.91716850799997,189.91716850799997,379.83433701599995,135.478415448,203.217623172,338.69603861999997,164.59105377599997,148.13194839839997,312.72300217439994,2211.340513
Bolivia,159.92764703999998,79.96382351999999,239.89147055999996,181.057824072,181.057824072,362.115648144,129.720851532,194.58127729800003,324.30212883,156.902107536,141.2118967824,298.1140043184,1934.666067
Bosnia and Herzegovina,219.099717108,109.549858554,328.64957566199996,242.47589291999998,242.47589291999998,484.95178583999996,169.170993972,253.75649095799997,422.92748493,210.248867988,189.2239811892,399.47284917720003,4380.604285
Botswana,262.17102441599997,131.08551220799998,393.256536624,286.40874931199994,286.40874931199994,572.8174986239999,196.819188804,295.228783206,492.04797200999997,248.46632085599998,223.6196887704,472.08600962639997,6980.361812
Brazil,312.13065474,156.06532737,468.19598211000005,336.72160886399996,336.72160886399996,673.4432177279999,228.013645356,342.02046803400003,570.03411339,292.28863633199995,263.0597726988,555.3484090308,10978.26024
Brunei Darussalam,464.88814524,232.44407262,697.3322178599999,487.3003289999999,487.3003289999999,974.6006579999998,319.072389408,478.608584112,797.68097352,423.75362111999993,381.37825900799993,805.1318801279999,30880.34486
Bulgaria,256.285606356,128.142803178,384.428409534,280.43837316,280.43837316,560.87674632,193.085891352,289.628837028,482.71472838,243.269956944,218.94296124960002,462.2129181936,6580.813875
Burkina Faso,101.389459104,50.694729552,152.08418865599998,118.62364824,118.62364824,237.24729648,88.320909888,132.481364832,220.80227472,102.77800574399998,92.5002051696,195.2782109136,592.6074699
Burundi,69.16178599199999,34.580892995999996,103.742678988,83.182903848,83.182903848,166.365807696,63.96504778800001,95.94757168200002,159.91261947000004,72.103245876,64.8929212884,136.9961671644,219.5297995
Cabo Verde,199.021464576,99.510732288,298.532196864,221.78858687999997,221.78858687999997,443.57717375999994,155.997760896,233.99664134399998,389.99440224,192.269270772,173.0423436948,365.3116144668,3413.26337
Cambodia,112.85440001999999,56.42720000999999,169.28160003,131.02048224,131.02048224,262.04096448,96.67317841199998,145.00976761799998,241.68294602999998,113.516020224,102.1644182016,215.68043842560002,782.6188886
Cameroon,130.685886216,65.342943108,196.02882932400001,150.124440168,150.124440168,300.248880336,109.40643435599998,164.10965153399997,273.51608588999994,130.07225358,117.065028222,247.137281802,1145.368992
Canada,548.60933916,274.30466958,822.91400874,568.22628852,568.22628852,1136.45257704,366.89878224,550.34817336,917.2469556000001,494.57813651999993,445.12032286799996,939.698459388,47465.34593
Cayman Islands,0.0,0.0,0.0,0.0,0.0,0.0,0.0,0.0,0.0,0.0,0.0,0.0,
Central African Republic,91.69860636,45.84930318,137.54790954,108.06623002799999,108.06623002799999,216.13246005599999,81.14530647599999,121.71795971399999,202.86326619,93.63671427599998,84.27304284839998,177.90975712439996,456.5634087
Chad,119.568533796,59.784266898,179.352800694,138.23761788,138.23761788,276.47523576,101.502198432,152.253297648,253.75549608,119.76945004799998,107.79250504319998,227.56195509119996,909.2999069
Channel Islands,0.0,0.0,0.0,0.0,0.0,0.0,0.0,0.0,0.0,0.0,0.0,0.0,
Chile,329.96489252399994,164.98244626199997,494.94733878599993,354.53632197599995,354.53632197599995,709.0726439519999,238.95415357199997,358.43123035799994,597.3853839299999,307.818456012,277.0366104108,584.8550664228001,12681.7652
China,220.112010504,110.056005252,330.16801575600005,243.51516471599996,243.51516471599996,487.0303294319999,169.830011736,254.745017604,424.57502934,211.152395664,190.03715609760002,401.1895517616,4433.340886
Colombia,250.15284946799997,125.07642473399999,375.22927420199994,274.206546936,274.206546936,548.413093872,189.18138837599994,283.7720825639999,472.9534709399999,237.84692824799998,214.06223542319998,451.90916367119996,6179.770329
Comoros,111.40605233999999,55.703026169999994,167.10907851,129.459622752,129.459622752,258.919245504,95.62565926799998,143.43848890199996,239.06414816999995,112.16377810799997,100.94740029719998,213.11117840519995,756.8106118
"Congo, Dem. Rep.",82.473645816,41.236822908,123.71046872400001,97.941268368,97.941268368,195.882536736,74.20347424799999,111.30521137199999,185.50868562,84.87279615599999,76.38551654039999,161.25831269639997,346.7042747
"Congo, Rep.",187.4181663,93.70908315,281.12724945,209.76535242,209.76535242,419.53070484,148.290741576,222.436112364,370.72685393999996,181.82475341999998,163.64227807799998,345.467031498,2920.406708
Costa Rica,273.26351959199997,136.63175979599998,409.89527938799995,297.63527468399997,297.63527468399997,595.2705493679999,203.8201524,305.73022860000003,509.550381,258.23964888,232.415683992,490.65533287200003,7773.185487
Cote d'Ivoire,137.678185548,68.839092774,206.51727832199998,157.562973576,157.562973576,315.125947152,114.32356397999999,171.48534596999997,285.80890994999993,136.52157437999998,122.86941694199999,259.390991322,1311.326565
Croatia,338.016628908,169.008314454,507.02494336199993,362.55626964,362.55626964,725.11253928,243.862975404,365.79446310599997,609.65743851,314.811957996,283.3307621964,598.1427201924,13500.85443
Cuba,242.51773201199998,121.25886600599999,363.77659801799996,266.432633208,266.432633208,532.865266416,184.299354684,276.449032026,460.74838671,231.083239968,207.9749159712,439.0581559392,5701.962671
Curacao,0.0,0.0,0.0,0.0,0.0,0.0,0.0,0.0,0.0,0.0,0.0,0.0,
Cyprus,446.99627411999995,223.49813705999998,670.4944111799999,469.87490159999993,469.87490159999993,939.7498031999999,308.68309627199994,463.0246444079999,771.7077406799999,408.51809064,367.666281576,776.184372216,27889.03718
Czech Republic,391.46598611999997,195.73299305999998,587.1989791799999,415.460844,415.460844,830.921688,276.007793328,414.011689992,690.0194833200001,360.97820784,324.880387056,685.858594896,19764.01554
Denmark,591.25766544,295.62883272,886.88649816,609.09971256,609.09971256,1218.19942512,390.81400127999996,586.2210019199999,977.0350031999999,530.39045988,477.351413892,1007.741873772,57647.92502
Djibouti,139.35504221999997,69.67752110999999,209.03256332999996,159.34274056799998,159.34274056799998,318.68548113599996,115.49688731999998,173.24533097999998,288.7422183,138.064890024,124.2584010216,262.3232910456,1353.193028
Dominica,261.39497619599996,130.69748809799998,392.0924642939999,285.622056864,285.622056864,571.244113728,196.327675116,294.491512674,490.81918779,247.781569392,223.0034124528,470.7849818448,6926.847597
Dominican Republic,235.70495247599996,117.85247623799998,353.5574287139999,259.48109322,259.48109322,518.96218644,179.92279925999998,269.88419889,449.80699814999997,225.03628166399997,202.53265349759997,427.56893516159994,5295.39969
Ecuador,223.94757686399998,111.97378843199999,335.921365296,247.44983687999996,247.44983687999996,494.8996737599999,172.322739432,258.484109148,430.80684858,214.57338440399997,193.1160459636,407.6894303675999,4636.693098
"Egypt, Arab Rep.",184.49267749199998,92.24633874599999,276.739016238,206.72562448799997,206.72562448799997,413.45124897599993,146.335962312,219.503943468,365.83990578,179.184754764,161.26627928759999,340.4510340516,2803.532963
El Salvador,199.720106568,99.860053284,299.580159852,222.510869676,222.510869676,445.021739352,156.45952205999998,234.68928308999998,391.14880514999993,192.89683277999998,173.607149502,366.503982282,3444.456148
Equatorial Guinea,366.34678128,183.17339064,549.52017192,390.66730812,390.66730812,781.33461624,260.99270118,391.48905176999995,652.4817529499999,339.335596872,305.4020371848,644.7376340568001,16638.13107
Eritrea,84.45533158799999,42.227665793999996,126.682997382,100.122893208,100.122893208,200.245786416,75.70453132799999,113.55679699199999,189.26132831999996,86.76091872,78.084826848,164.845745568,368.7477582
Estonia,348.63502543199996,174.31751271599998,522.9525381479999,373.11173604,373.11173604,746.22347208,250.30873000799997,375.46309501199994,625.7718250199999,324.01849716,291.61664744399997,615.635144604,14629.64939
Ethiopia,82.19671722,41.09835861,123.29507583,97.63610018399997,97.63610018399997,195.27220036799994,73.99326369599999,110.98989554399998,184.98315923999996,84.608693712,76.1478243408,160.7565180528,343.6901516
Faeroe Islands,0.0,0.0,0.0,0.0,0.0,0.0,0.0,0.0,0.0,0.0,0.0,0.0,
Fiji,204.216021792,102.108010896,306.324032688,227.15458624799996,227.15458624799996,454.3091724959999,159.42505287599997,239.13757931399994,398.56263218999993,196.93188698399996,177.23869828559998,374.17058526959994,3649.382362
Finland,542.93988276,271.46994138,814.4098241400001,562.7758636799999,562.7758636799999,1125.5517273599999,363.69811548,545.54717322,909.2452887,489.8046207599999,440.82415868399994,930.6287794439999,46202.41516
France,517.0870476,258.5435238,775.6305714,537.86901708,537.86901708,1075.73803416,349.03565337599997,523.5534800639999,872.5891334399998,467.99723951999994,421.197515568,889.194755088,40706.07833
French Polynesia,0.0,0.0,0.0,0.0,0.0,0.0,0.0,0.0,0.0,0.0,0.0,0.0,
Gabon,293.5595000519999,146.77975002599996,440.33925007799985,318.09243538799996,318.09243538799996,636.1848707759999,216.51644052,324.77466078,541.2911013,276.056125308,248.4505127772,524.5066380851999,9362.113583
"Gambia, The",99.634709196,49.817354598,149.452063794,116.71759598399998,116.71759598399998,233.43519196799997,87.029865252,130.544797878,217.57466312999998,101.12739015599998,91.01465114039998,192.14204129639995,566.3481084
Georgia,179.57813817599998,89.78906908799999,269.36720726399994,201.611308572,201.611308572,403.222617144,143.04113881199999,214.56170821799998,357.60284702999996,174.74352850799997,157.26917565719998,332.0127041651999,2613.756925
Germany,522.0270784799999,261.01353923999994,783.0406177199998,542.63509956,542.63509956,1085.27019912,351.846101376,527.769152064,879.61525344,472.1694264,424.95248376,897.12191016,41723.3659
Ghana,138.273287004,69.136643502,207.409930506,158.194775124,158.194775124,316.389550248,114.740220672,172.110331008,286.85055168,137.06942759999998,123.36248484,260.43191243999996,1326.092033
Greece,440.57884176000005,220.28942088000002,660.86826264,463.61259935999993,463.61259935999993,927.2251987199999,304.94092078799997,457.41138118199996,762.3523019699999,403.04412071999997,362.739708648,765.7838293679999,26861.4598
Greenland,0.0,0.0,0.0,0.0,0.0,0.0,0.0,0.0,0.0,0.0,0.0,0.0,
Grenada,267.65354116799995,133.82677058399997,401.4803117519999,291.961707516,291.961707516,583.923415032,200.28512357999998,300.42768536999995,500.71280894999995,253.300124088,227.9701116792,481.2702357672,7365.666529
Guam,0.0,0.0,0.0,0.0,0.0,0.0,0.0,0.0,0.0,0.0,0.0,0.0,
Guatemala,186.47449369199998,93.23724684599999,279.71174053799996,208.78520648399999,208.78520648399999,417.57041296799997,147.66071540399997,221.49107310599996,369.15178850999996,180.97347186,162.87612467399998,343.84959653399994,2882.386026
Guinea,90.04124988,45.02062494,135.06187481999999,106.252818084,106.252818084,212.505636168,79.90651472399999,119.85977208599999,199.76628681,92.06686090799998,82.86017481719999,174.92703572519997,435.448888
Guinea-Bissau,97.41324924,48.70662462,146.11987385999998,114.30110865599998,114.30110865599998,228.60221731199996,85.39032006000001,128.08548009,213.47580015,99.03489264,89.131403376,188.166296016,534.1475781
Guyana,186.26412592799997,93.13206296399999,279.39618889199994,208.566659196,208.566659196,417.133318392,147.520199196,221.28029879399998,368.80049798999994,180.783661428,162.70529528519998,343.48895671319997,2873.952008
Haiti,106.248740004,53.124370002,159.373110006,123.88963280399999,123.88963280399999,247.77926560799997,91.878069888,137.81710483199998,229.69517471999998,107.338814244,96.60493281960001,203.94374706360003,669.1869294
Honduras,164.40165964799996,82.20082982399998,246.60248947199995,185.75270855999997,185.75270855999997,371.50541711999995,132.775104564,199.162656846,331.93776141,160.976490912,144.8788418208,305.8553327328,2078.32576
"Hong Kong SAR, China",474.41405195999994,237.20702597999997,711.6210779399999,496.55804615999995,496.55804615999995,993.1160923199999,324.5781695399999,486.8672543099999,811.4454238499998,431.85008916,388.66508024399997,820.515169404,32549.99823
Hungary,332.720366652,166.360183326,499.080549978,357.282489996,357.282489996,714.564979992,240.636144204,360.95421630600003,601.59036051,310.21300029599996,279.19170026639995,589.4047005624,12958.53036
Iceland,521.895132,260.947566,782.8426979999999,542.5078417199999,542.5078417199999,1085.0156834399997,351.771089544,527.656634316,879.42772386,472.05802116,424.85221904400004,896.910240204,41695.99365
India,141.85324263599998,70.92662131799999,212.77986395399995,161.99139862799998,161.99139862799998,323.98279725599997,117.240831864,175.861247796,293.10207965999996,140.361824376,126.3256419384,266.6874663144,1417.073614
Indonesia,188.06527526399998,94.03263763199999,282.09791289599997,210.437266428,210.437266428,420.874532856,148.722485256,223.08372788399998,371.80621313999995,182.40834232799997,164.1675080952,346.5758504232,2946.656061
"Iran, Islamic Rep.",242.07409666799998,121.03704833399999,363.11114500199994,265.980395232,265.980395232,531.960790464,184.01495302799998,276.02242954199994,460.0373825699999,230.68981497599998,207.6208334784,438.31064845439994,5674.923927
Iraq,220.88192309999997,110.44096154999998,331.32288464999993,244.30536504000003,244.30536504000003,488.61073008000005,170.3309184,255.49637760000002,425.82729600000005,211.839402168,190.6554619512,402.4948641192,4473.71044
Ireland,550.54279296,275.27139648,825.8141894400001,570.08411424,570.08411424,1140.16822848,367.98911891999995,551.9836783799999,919.9727972999999,496.20534191999997,446.584807728,942.7901496479999,47900.83929
Isle of Man,0.0,0.0,0.0,0.0,0.0,0.0,0.0,0.0,0.0,0.0,0.0,0.0,
Israel,462.9715146,231.4857573,694.4572719,485.43601247999993,485.43601247999993,970.8720249599999,317.96249151599994,476.9437372739999,794.9062287899999,422.12333951999994,379.91100556799995,802.0343450879999,30550.9204
Italy,492.52938084000004,246.26469042000002,738.79407126,514.12660596,514.12660596,1028.25321192,335.00110986,502.50166478999995,837.50277465,447.2190324,402.49712916,849.71616156,35875.72655
Jamaica,229.06915855199998,114.53457927599999,343.60373782799996,252.69619010399995,252.69619010399995,505.3923802079999,175.64086216799998,263.46129325199996,439.1021554199999,219.13540361999998,197.22186325799998,416.35726687799996,4917.023202
Japan,528.6798352799999,264.33991763999995,793.0197529199999,549.04846356,549.04846356,1098.09692712,355.62437557199996,533.436563358,889.0609389299999,477.78422471999994,430.00580224799995,907.7900269679999,43117.82967
Jordan,218.909173284,109.454586642,328.363759926,242.280232236,242.280232236,484.560464472,169.046893908,253.57034086199997,422.61723477,210.07876647599997,189.07088982839997,399.14965630439997,4370.721045
Kazakhstan,290.00482642799994,145.00241321399997,435.00723964199994,314.517108492,314.517108492,629.034216984,214.30298267999999,321.45447401999996,535.7574566999999,272.94163919999994,245.64747527999995,518.5891144799999,9070.649972
Kenya,122.95989154799999,61.479945773999994,184.439837322,141.87183555599998,141.87183555599998,283.74367111199996,103.92512792400001,155.88769188600003,259.81281981000006,122.918951664,110.62705649760001,233.5460081616,977.7780694
Kiribati,146.43752616,73.21876308,219.65628924,166.84307063999998,166.84307063999998,333.68614127999996,120.42860993999997,180.64291490999994,301.07152484999995,144.569735568,130.1127620112,274.6824975792,1539.047436
"Korea, Dem. Rep.",155.544220872,77.772110436,233.31633130800003,176.44879652400002,176.44879652400002,352.89759304800003,126.71543933999997,190.07315900999996,316.7885983499999,152.9028189,137.61253701,290.51535591000004,1800.0
"Korea, Rep.",409.04397828000003,204.52198914000002,613.5659674200001,432.74230235999994,432.74230235999994,865.4846047199999,286.42513345199995,429.63770017799993,716.0628336299999,376.07047128,338.463424152,714.533895432,22151.20912
Kosovo,196.07053968,98.03526984,294.10580952,218.735780544,218.735780544,437.471561088,154.04456113199998,231.06684169799996,385.11140283,189.61696043999999,170.65526439599998,360.27222483599996,3283.429596
Kuwait,506.53453751999996,253.26726875999998,759.8018062799999,527.6770272,527.6770272,1055.3540544,343.01804378399993,514.5270656759999,857.5451094599998,459.076536,413.1688824,872.2454184,38584.4796
Kyrgyz Republic,118.07142836399998,59.03571418199999,177.10714254599998,136.63094655599997,136.63094655599997,273.26189311199994,100.42919319599999,150.64378979399999,251.07298298999996,118.37718936,106.539470424,224.916659784,880.0377751
Lao PDR,129.69020937599998,64.84510468799999,194.53531406399998,149.06291796,149.06291796,298.12583592,108.70294798799999,163.05442198199998,271.75736996999996,129.152025108,116.2368225972,245.38884770520002,1122.852316
Latvia,317.19312035999997,158.59656017999998,475.78968053999995,341.78582383199995,341.78582383199995,683.5716476639999,231.128958276,346.69343741399996,577.8223956899999,296.702634168,267.0323707512,563.7350049192,11446.50818
Lebanon,286.08574629599997,143.04287314799998,429.1286194439999,310.571588736,310.571588736,621.143177472,211.857682932,317.786524398,529.64420733,269.50500597599995,242.55450537839997,512.0595113543999,8755.849968
Lesotho,127.897971372,63.948985686,191.846957058,147.15067100399997,147.15067100399997,294.30134200799995,107.43452161200001,161.151782418,268.58630403,127.49438800799999,114.7449492072,242.23933721519998,1083.012065
Liberia,80.597976048,40.298988024,120.896964072,95.87286910799999,95.87286910799999,191.74573821599998,72.777511764,109.166267646,181.94377941,83.08278565199998,74.77450708679999,157.85729273879997,326.6042804
Libya,326.87176014,163.43588007,490.30764021,351.45166301999996,351.45166301999996,702.9033260399999,237.063428064,355.595142096,592.65857016,305.128950408,274.6160553672,579.7450057752,12375.44953
Liechtenstein,0.0,0.0,0.0,0.0,0.0,0.0,0.0,0.0,0.0,0.0,0.0,0.0,
Lithuania,321.47695465199996,160.73847732599998,482.21543197799997,346.066580376,346.066580376,692.133160752,233.75904303599998,350.63856455399997,584.39760759,300.43419267599995,270.3907734084,570.8249660843999,11852.1696
Luxembourg,738.98452692,369.49226346,1108.47679038,749.12905872,749.12905872,1498.25811744,471.70039176,707.55058764,1179.2509794,653.2713259199999,587.9441933279999,1241.2155192479997,102856.9717
"Macao SAR, China",572.6097341999999,286.30486709999997,858.9146013,591.25497372,591.25497372,1182.50994744,380.3915124,570.5872686,950.978781,514.7520735599999,463.2768662039999,978.0289397639997,53045.87903
"Macedonia, FYR",220.283245692,110.141622846,330.424868538,243.69092927999998,243.69092927999998,487.38185855999996,169.94144138399997,254.91216207599996,424.85360345999993,211.30520543999998,190.17468489599997,401.4798903359999,4442.299972
Madagascar,88.31798056799998,44.15899028399999,132.47697085199997,104.364729972,104.364729972,208.729459944,78.614664408,117.92199661199999,196.53666102,90.432458316,81.38921248439999,171.8216708004,414.1427872
Malawi,83.640212604,41.820106302,125.460318906,99.22598636399998,99.22598636399998,198.45197272799996,75.087782388,112.63167358199999,187.71945596999998,85.98466043999998,77.386194396,163.37085483599998,359.5795268
Malaysia,286.065517752,143.032758876,429.098276628,310.551213636,310.551213636,621.102427272,211.84504783199998,317.76757174799997,529.61261958,269.48725974,242.53853376600003,512.025793506,8754.24282
Maldives,255.860063136,127.930031568,383.790094704,280.00630605599997,280.00630605599997,560.0126121119999,192.81543951600003,289.22315927400007,482.0385987900001,242.89393622399996,218.60454260159997,461.49847882559993,6552.484491
Mali,106.523861004,53.261930502,159.785791506,124.18725315599998,124.18725315599998,248.37450631199997,92.07869590799999,138.11804386199998,230.19673976999997,107.596603368,96.83694303120001,204.4335463992,673.6946614
Malta,390.94081020000004,195.47040510000002,586.4112153000001,414.94367772,414.94367772,829.88735544,275.69544350399997,413.54316525599995,689.2386087599999,360.52664364,324.47397927599997,685.0006229159999,19695.25572
Marshall Islands,192.40674606000002,96.20337303000001,288.61011909,214.94087063999999,214.94087063999999,429.88174127999997,151.61309737199997,227.41964605799996,379.0327434299999,186.320238012,167.6882142108,354.0084522228,3126.516365
Mauritania,122.929488396,61.464744198,184.394232594,141.839287596,141.839287596,283.678575192,103.903453476,155.855180214,259.75863369,122.89074314399998,110.60166882959999,233.49241197359999,977.1505551
Mauritius,270.72200509199996,135.36100254599998,406.0830076379999,295.06600421999997,295.06600421999997,590.1320084399999,202.22008358399998,303.33012537599996,505.55020895999996,256.00269762,230.402427858,486.405125478,7586.893454
Mexico,288.14850752399997,144.07425376199998,432.2227612859999,312.648749028,312.648749028,625.297498056,213.14538647999998,319.71807972,532.8634662,271.314214344,244.1827929096,515.4970072536,8920.689016
"Micronesia, Fed. Sts.",185.37438455999998,92.68719227999999,278.06157684,207.64212559199999,207.64212559199999,415.28425118399997,146.92561664399997,220.38842496599995,367.3140416099999,179.980708932,161.9826380388,341.9633469708,2838.448547
Moldova,149.766654096,74.883327048,224.64998114399998,170.35949260799995,170.35949260799995,340.7189852159999,122.73378775199998,184.10068162799996,306.83446938,147.61997816399997,132.85798034759998,280.4779585115999,1631.535832
Monaco,844.0085095199998,422.0042547599999,1266.0127642799998,847.4285062799999,847.4285062799999,1694.8570125599997,527.6469635999999,791.4704453999999,1319.117409,739.6946596799999,665.7251937119999,1405.4198533919998,145229.8379
Mongolia,170.53484065199999,85.26742032599999,255.802260978,192.173752332,192.173752332,384.347504664,136.94099277599997,205.41148916399996,342.35248193999996,166.549861908,149.8948757172,316.4447376252,2285.645378
Montenegro,257.11240201199996,128.55620100599998,385.66860301799994,281.27769624,281.27769624,562.55539248,193.611156264,290.416734396,484.02789065999997,244.000418184,219.60037636560003,463.60079454960004,6636.070538
Morocco,184.97837581200002,92.48918790600001,277.46756371800006,207.23052851999998,207.23052851999998,414.46105703999996,146.66083452,219.99125178000003,366.65208630000006,179.62324628399998,161.6609216556,341.28416793959997,2822.733739
Mozambique,89.13278084400001,44.566390422000005,133.699171266,105.257788488,105.257788488,210.515576976,79.22596726799999,118.838950902,198.06491817,91.2055122,82.08496098,173.29047318,424.134902
Myanmar,135.990353952,67.995176976,203.985530928,155.76997748399998,155.76997748399998,311.53995496799996,113.14029992399999,169.710449886,282.85074980999997,134.96687712,121.470189408,256.437066528,1270.0
Namibia,233.67262121999997,116.83631060999998,350.50893182999994,257.40457711199997,257.40457711199997,514.8091542239999,178.61340812400002,267.92011218600004,446.5335203100001,223.23020216400002,200.9071819476,424.1373841116,5177.681179
Nepal,101.597648436,50.798824218,152.396472654,118.84962985199998,118.84962985199998,237.69925970399996,88.47385052399999,132.71077578599997,221.18462630999994,102.97370959199999,92.6763386328,195.6500482248,595.7716261
Netherlands,561.1695278399999,280.58476391999994,841.7542917599999,580.28682168,580.28682168,1160.57364336,373.97124252,560.9568637799999,934.9281062999999,505.14253056,454.62827750400004,959.770808064,50338.25483
New Caledonia,0.0,0.0,0.0,0.0,0.0,0.0,0.0,0.0,0.0,0.0,0.0,0.0,
New Zealand,476.07379848,238.03689924,714.11069772,498.16968516000003,498.16968516000003,996.3393703200001,325.53569016,488.30353524,813.8392254,433.25972459999997,389.93375213999997,823.1934767399999,32846.45443
Nicaragua,146.29611747599998,73.14805873799999,219.44417621399998,166.69357952399997,166.69357952399997,333.38715904799994,120.33051429599999,180.49577144399998,300.82628574,144.44007044399999,129.9960633996,274.4361338436,1535.192167
Niger,83.66007445199999,41.830037225999995,125.49011167799998,99.247848588,99.247848588,198.495697176,75.102821712,112.654232568,187.75705427999998,86.00358157199999,77.4032234148,163.40680498679998,359.801242
Nigeria,171.25708701599999,85.62854350799999,256.88563052399996,192.92878944,192.92878944,385.85757888,137.43001137599998,206.14501706399997,343.57502844,167.20529594399997,150.48476634959997,317.6900622935999,2310.860518
Northern Mariana Islands,0.0,0.0,0.0,0.0,0.0,0.0,0.0,0.0,0.0,0.0,0.0,0.0,
Norway,690.0469124399999,345.02345621999996,1035.07036866,702.9872812799999,702.9872812799999,1405.9745625599999,445.21284744,667.81927116,1113.0321186,612.74901384,551.474112456,1164.223126296,86096.13602
Oman,400.1515596,200.0757798,600.2273394,424.00674215999993,424.00674215999993,848.0134843199999,281.164124196,421.746186294,702.91031049,368.44080876,331.596727884,700.037536644,20922.65677
Pakistan,125.12929964399999,62.56464982199999,187.693949466,144.19279407599998,144.19279407599998,288.38558815199997,105.46954884,158.20432326,263.6738721,124.93054753199999,112.43749277879999,237.36804031079998,1023.195756
Palau,297.017801136,148.508900568,445.526701704,321.56783207999996,321.56783207999996,643.1356641599999,218.665864764,327.998797146,546.66466191,279.08383266,251.175449394,530.259282054,9651.133366
Panama,274.083771276,137.041885638,411.125656914,298.46411553599995,298.46411553599995,596.9282310719999,204.33606256799996,306.5040938519999,510.84015641999986,258.96131647199996,233.06518482479999,492.02650129679995,7833.903551
Papua New Guinea,140.496015888,70.248007944,210.74402383199998,160.552852488,160.552852488,321.105704976,116.293980564,174.440970846,290.73495141,139.114282968,125.2028546712,264.3171376392,1382.143749
Paraguay,191.79641980799997,95.89820990399998,287.69462971199994,214.308198396,214.308198396,428.616396792,151.207355484,226.811033226,378.01838871,185.77065790799995,167.19359211719996,352.96425002519993,3100.835119
Peru,231.88496360399995,115.94248180199997,347.8274454059999,255.576976668,255.576976668,511.153953336,177.46018124399998,266.190271866,443.65045310999994,221.64070715999998,199.47663644399998,421.117343604,5075.47667
Philippines,166.141803816,83.070901908,249.212705724,187.57625644799995,187.57625644799995,375.1525128959999,133.95951061199997,200.93926591799996,334.89877652999996,162.559190304,146.3032712736,308.8624615776,2135.918407
Poland,327.973956876,163.986978438,491.960935314,352.551080916,352.551080916,705.102161832,237.73748288399997,356.60622432599996,594.3437072099999,306.08750689199996,275.47875620279996,581.5662630948,12484.07315
Portugal,411.78523284,205.89261642,617.67784926,435.4324254,435.4324254,870.8648508,288.04331260799995,432.0649689119999,720.1082815199999,378.42032376000003,340.578291384,718.998615144,22538.65408
Puerto Rico,437.8902922799999,218.94514613999996,656.83543842,460.98708912,460.98708912,921.97417824,303.37062523199995,455.0559378479999,758.4265630799998,400.74933563999997,360.674402076,761.423737716,26437.99218
Qatar,642.4293268800001,321.21466344000004,963.6439903200001,657.86280408,657.86280408,1315.72560816,419.15588724,628.73383086,1047.8897181,573.1493392799999,515.834405352,1088.9837446319998,71510.15575
Romania,278.14925015999995,139.07462507999998,417.2238752399999,302.56953451199996,302.56953451199996,605.1390690239999,206.889558696,310.334338044,517.22389674,262.536114456,236.2825030104,498.81861746640004,8139.146673
Russian Federation,309.16776931199996,154.58388465599998,463.7516539679999,333.754954596,333.754954596,667.509909192,226.18669625999996,339.28004438999994,565.4667406499999,289.703140056,260.7328260504,550.4359661064,10709.76936
Rwanda,96.82789132799999,48.413945663999996,145.241836992,113.66370208800001,113.66370208800001,227.32740417600002,84.95732768399999,127.43599152599998,212.39331920999996,98.482973688,88.6346763192,187.11765000719998,525.8549278
Samoa,199.994828112,99.997414056,299.99224216799996,222.79483735200003,222.79483735200003,445.58967470400006,156.641027472,234.96154120799997,391.60256868,193.143564324,173.82920789160002,366.9727722156,3456.76966
San Marino,0.0,0.0,0.0,0.0,0.0,0.0,0.0,0.0,0.0,0.0,0.0,0.0,
Sao Tome and Principe,129.918098988,64.959049494,194.877148482,149.30592991199998,149.30592991199998,298.61185982399996,108.86403567599999,163.296053514,272.16008919,129.36268818,116.42641936199999,245.78910754199998,1127.981667
Saudi Arabia,388.10554019999995,194.05277009999998,582.1583102999999,412.15078187999995,412.15078187999995,824.3015637599999,274.008022092,411.012033138,685.02005523,358.088114736,322.27930326240005,680.3674179984,19326.58255
Senegal,123.961970016,61.980985008,185.94295502399999,142.944281352,142.944281352,285.888562704,104.63904208799998,156.95856313199997,261.59760521999993,123.848431164,111.46358804760001,235.31201921160002,998.5995764
Serbia,237.475727208,118.737863604,356.213590812,261.28931273999996,261.28931273999996,522.5786254799999,181.06223414399997,271.593351216,452.6555853599999,226.609091352,203.9481822168,430.55727356880004,5399.29762
Seychelles,310.641146712,155.320573356,465.96172006800003,335.2304614319999,335.2304614319999,670.4609228639998,227.09553861599997,340.64330792399994,567.7388465399999,290.989048932,261.89014403880003,552.8791929708,10842.77306
Sierra Leone,91.049571252,45.524785626,136.574356878,107.35636640399998,107.35636640399998,214.71273280799997,80.660605932,120.99090889799999,201.65151483,93.02218120799999,83.7199630872,176.74214429519998,448.2215321
Singapore,544.59834156,272.29917078,816.89751234,564.3706733999999,564.3706733999999,1128.7413467999997,364.63493016,546.95239524,911.5873254,491.20131491999996,442.081183428,933.282498348,46569.68843
Sint Maarten (Dutch part),0.0,0.0,0.0,0.0,0.0,0.0,0.0,0.0,0.0,0.0,0.0,0.0,
Slovak Republic,365.25656988,182.62828494,547.88485482,389.58850980000005,389.58850980000005,779.1770196000001,260.337444696,390.506167044,650.8436117399999,338.394174804,304.5547573236,642.9489321276,16509.89667
Slovenia,417.89863835999995,208.94931917999997,626.8479575399999,441.42716016,441.42716016,882.85432032,291.646041552,437.46906232799995,729.1151038799999,383.65728011999994,345.29155210799996,728.9488322279999,23417.64466
Solomon Islands,137.00282662799998,68.50141331399999,205.50423994199997,156.845726244,156.845726244,313.691452488,113.850373788,170.775560682,284.62593447,135.899642232,122.30967800879999,258.20932024079997,1294.692732
Somalia,76.37322599999999,38.186612999999994,114.55983899999998,91.20114316799999,91.20114316799999,182.40228633599997,69.546395412,104.319593118,173.86598852999998,79.04025485999999,71.136229374,150.176484234,284.0
South Africa,264.97205621999996,132.48602810999998,397.4580843299999,289.24680603599995,289.24680603599995,578.4936120719999,198.591346548,297.88701982199996,496.47836636999995,250.93673625599996,225.84306263039997,476.77979888639993,7175.624804
South Sudan,148.003900524,74.001950262,222.005850786,168.49827871199997,168.49827871199997,336.99655742399995,121.514220396,182.271330594,303.78555099,146.00546654399997,131.40491988959997,277.4103864335999,1582.150503
Spain,464.0498978399999,232.02494891999996,696.0748467599999,486.48502979999995,486.48502979999995,972.9700595999999,318.587058756,477.88058813399994,796.46764689,423.040662,380.73659580000003,803.7772578,30736.00228
Sri Lanka,173.772627084,86.886313542,260.658940626,195.556750596,195.556750596,391.113501192,139.130723952,208.696085928,347.82680988000004,169.486700544,152.5380304896,322.0247310336,2400.015575
St. Kitts and Nevis,335.358424836,167.679212418,503.03763725399995,359.9101009439999,359.9101009439999,719.8202018879998,242.244419868,363.366629802,605.6110496699999,312.504315228,281.2538837052,593.7581989332,13226.95231
St. Lucia,262.659799044,131.329899522,393.989698566,286.90414171199996,286.90414171199996,573.8082834239999,197.12863951199998,295.692959268,492.82159877999993,248.89752676799998,224.0077740912,472.9053008592,7014.196449
St. Martin (French part),0.0,0.0,0.0,0.0,0.0,0.0,0.0,0.0,0.0,0.0,0.0,0.0,
St. Vincent and the Grenadines,250.960692636,125.480346318,376.441038954,275.028064992,275.028064992,550.056129984,189.6965622,284.54484329999997,474.2414054999999,238.561773264,214.7055959376,453.2673692016,6231.713226
Sudan,142.714710288,71.357355144,214.072065432,162.90396604799997,162.90396604799997,325.80793209599994,117.841087224,176.761630836,294.60271806000003,141.15325453199998,127.03792907879998,268.19118361079995,1439.523185
Suriname,280.531999224,140.265999612,420.79799883600003,304.97367599999995,304.97367599999995,609.9473519999999,208.38342621599998,312.57513932399996,520.9585655399999,264.62970046799995,238.16673042119996,502.7964308891999,8321.392197
Swaziland,195.567223644,97.783611822,293.350835466,218.21475769199998,218.21475769199998,436.42951538399996,153.710961516,230.566442274,384.27740379,189.164314296,170.2478828664,359.4121971624,3261.593263
Sweden,568.55507904,284.27753952,852.83261856,587.36945052,587.36945052,1174.73890104,378.11834855999996,567.1775228399999,945.2958713999999,511.3476259199999,460.21286332799997,971.5604892479998,52076.25591
Switzerland,651.8915837999999,325.94579189999996,977.8373756999999,666.8483255999998,666.8483255999998,1333.6966511999997,424.35716724,636.53575086,1060.8929181,581.0323589999999,522.9291231,1103.9614821,74276.71842
Syrian Arab Republic,232.31590441199995,116.15795220599998,348.4738566179999,256.017638988,256.017638988,512.035277976,177.738310224,266.607465336,444.34577556,222.02395120799997,199.82155608719998,421.8455072951999,5100.0
Tajikistan,110.43085013999999,55.215425069999995,165.64627521,128.407839912,128.407839912,256.815679824,94.919142888,142.378714332,237.29785721999997,111.25261097999999,100.12734988199999,211.37996086199996,739.7321918
Tanzania,96.745477968,48.372738984,145.118216952,113.57393839199999,113.57393839199999,227.14787678399998,84.896333208,127.34449981200001,212.24083302000003,98.40524986799998,88.5647248812,186.9699747492,524.6937952
Thailand,227.002067424,113.501033712,340.503101136,250.57977029999998,250.57977029999998,501.15954059999996,174.30306674399998,261.45460011599994,435.7576668599999,217.29496816800003,195.56547135120002,412.86043951920004,4802.662758
Timor-Leste,117.85398696,58.92699348,176.78098044,136.39746978,136.39746978,272.79493956,100.27317203999999,150.40975806,250.6829301,118.17487627199999,106.3573886448,224.5322649168,875.8365693
Togo,95.19644059199999,47.598220295999994,142.79466088799998,111.885712812,111.885712812,223.771425624,83.748362256,125.62254338399998,209.37090564,96.94350521999999,87.249154698,184.192659918,503.161824
Tonga,201.984926904,100.992463452,302.977390356,224.85107750399996,224.85107750399996,449.7021550079999,157.954701852,236.932052778,394.88675463000004,194.930235432,175.4372118888,370.3674473208,3546.77782
Trinidad and Tobago,357.632064072,178.816032036,536.448096108,382.03728227999994,382.03728227999994,764.0745645599999,255.746220444,383.619330666,639.36555111,331.80518894399995,298.62467004959996,630.4298589936,15630.05045
Tunisia,215.79940925999998,107.89970462999999,323.69911389,239.08521337199997,239.08521337199997,478.17042674399994,167.01912072,250.52868107999998,417.5478018,207.30124778399997,186.5711230056,393.8723707895999,4211.356086
Turkey,302.67641502,151.33820751,454.01462253,327.24813891599996,327.24813891599996,654.4962778319999,222.17442253199997,333.26163379799993,555.4360563299999,284.03299216799996,255.62969295119998,539.6626851192,10135.74889
Turkmenistan,219.33293364,109.66646682,328.99940046,242.715355524,242.715355524,485.430711048,169.32286353599997,253.98429530399994,423.30715883999994,210.45705091199997,189.41134582079997,399.86839673279997,4392.719583
Turks and Caicos Islands,0.0,0.0,0.0,0.0,0.0,0.0,0.0,0.0,0.0,0.0,0.0,0.0,
Tuvalu,195.03258667199998,97.51629333599999,292.54888000799997,217.66120603200002,217.66120603200002,435.32241206400005,153.35645500799998,230.03468251199996,383.3911375199999,188.68341589199997,169.81507430279999,358.49849019479996,3238.496111
Uganda,92.85620889599998,46.42810444799999,139.28431334399997,109.331426592,109.331426592,218.662853184,82.008476388,123.012714582,205.02119097000002,94.73203727999999,85.25883355199998,179.99087083199998,471.6772799
Ukraine,188.73552448799998,94.36776224399999,283.10328673199996,211.13303184,211.13303184,422.26606368,149.16942273599997,223.75413410399995,372.92355683999995,183.012659676,164.7113937084,347.7240533844,2973.996481
United Arab Emirates,481.8217103999999,240.91085519999996,722.7325655999998,503.7478703999999,503.7478703999999,1007.4957407999998,328.847681232,493.271521848,822.11920308,438.1390872,394.32517848000003,832.46426568,33885.92544
United Kingdom,505.41479928,252.70739964,758.1221989200001,526.5946504799999,526.5946504799999,1053.1893009599999,342.378363492,513.567545238,855.9459087299999,458.1292712399999,412.3163441159999,870.4456153559998,38363.44144
United States,552.64620204,276.32310102,828.9693030600001,572.10471288,572.10471288,1144.20942576,369.17461872,553.76192808,922.9365468,497.97517787999993,448.17766009199994,946.1528379719998,48377.39385
Uruguay,318.089116152,159.044558076,477.13367422799996,342.681519096,342.681519096,685.363038192,231.679517544,347.519276316,579.19879386,297.483384276,267.7350458484,565.2184301243999,11530.6375
Uzbekistan,140.297600556,70.148800278,210.44640083399997,160.34246510399998,160.34246510399998,320.68493020799997,116.15543906399998,174.23315859599995,290.38859765999996,138.931834896,125.0386514064,263.9704863024,1377.08214
Vanuatu,188.53381738800002,94.26690869400001,282.80072608200004,210.923664624,210.923664624,421.847329248,149.034946032,223.552419048,372.58736508,182.83080934799997,164.5477284132,347.37853776119994,2965.75223
"Venezuela, RB",338.577871356,169.288935678,507.866807034,363.11477831999997,363.11477831999997,726.2295566399999,244.20445545599998,366.30668318399995,610.5111386399999,315.299035044,283.7691315396,599.0681665836,13559.1268
Vietnam,138.57366405599998,69.28683202799999,207.86049608399998,158.513601924,158.513601924,317.027203848,114.95042118,172.42563177,287.37605295000003,137.34589572,123.611306148,260.95720186799997,1333.583526
Virgin Islands (U.S.),0.0,0.0,0.0,0.0,0.0,0.0,0.0,0.0,0.0,0.0,0.0,0.0,
West Bank and Gaza,172.049460876,86.024730438,258.074191314,193.756873644,193.756873644,387.513747288,137.966140728,206.94921109199998,344.91535181999996,167.92415841599998,151.1317425744,319.0559009904,2338.719877
"Yemen, Rep.",140.97977261999998,70.48988630999999,211.46965892999998,161.06570845199997,161.06570845199997,322.13141690399993,116.63163057599999,174.94744586399997,291.57907644,139.559037228,125.60313350519999,265.1621707332,1394.532356
Zambia,146.22605946,73.11302973,219.33908918999998,166.61951341199998,166.61951341199998,333.23902682399995,120.28190936399999,180.42286404599997,300.70477341,144.3758274,129.93824466,274.31407206,1533.284355
Zimbabwe,109.471501692,54.735750846,164.207252538,127.37250151199999,127.37250151199999,254.74500302399997,94.223158668,141.334738002,235.55789667,110.355720624,99.3201485616,209.6758691856,723.1646486
Arab World,247.84678681199998,123.92339340599999,371.77018021799995,271.86039208799997,271.86039208799997,543.7207841759999,187.70934074399997,281.56401111599996,469.27335185999993,235.80550655999997,212.22495590399998,448.0304624639999,6032.961957
Caribbean small states,284.469874812,142.234937406,426.70481221800003,308.94368291999996,308.94368291999996,617.8873658399999,210.84794046,316.27191068999997,527.1198511499999,268.087166064,241.27844945759998,509.3656155215999,8628.040548
Central Europe and the Baltics,327.65342511599994,163.82671255799997,491.48013767399993,352.231384824,352.231384824,704.462769648,237.541496436,356.312244654,593.85374109,305.80876879199997,275.2278919128,581.0366607047999,12452.42393
East Asia & Pacific (all income levels),268.967770416,134.483885208,403.451655624,293.2915968,293.2915968,586.5831936,201.114293688,301.671440532,502.78573422,254.45788696799997,229.0120982712,483.46998523919996,7459.925785
East Asia & Pacific (developing only),209.203343388,104.601671694,313.805015082,232.297245468,232.297245468,464.594490936,162.70279164000002,244.05418746000004,406.7569791000001,201.40112681999997,181.26101413799998,382.66214095799995,3885.285375
Euro area,502.59570335999996,251.29785167999998,753.8935550399999,523.86884928,523.86884928,1047.73769856,340.76689578,511.15034367000004,851.9172394500001,455.7438161999999,410.1694345799999,865.9132507799998,37810.39975
Europe & Central Asia (all income levels),417.80869488,208.90434744,626.71304232,441.33900912,441.33900912,882.67801824,291.59309656799996,437.38964485199995,728.9827414199999,383.58026676,345.22224008399996,728.8025068439999,23404.56246
Europe & Central Asia (developing only),250.44035828399998,125.22017914199999,375.66053742599996,274.49894448,274.49894448,548.99788896,189.36476690399996,284.047150356,473.41191725999994,238.10135655599996,214.29122090039996,452.3925774563999,6198.226006
European Union,480.02402159999997,240.01201079999998,720.0360324,502.00378344,502.00378344,1004.00756688,327.812507208,491.718760812,819.53126802,436.61343744,392.952093696,829.565531136,33558.68486
Fragile and conflict affected situations,138.61211630399998,69.30605815199999,207.91817445599997,158.554412388,158.554412388,317.108824776,114.977324484,172.46598672599998,287.44331121,137.38128440399998,123.6431559636,261.0244403676,1334.544411
Heavily indebted poor countries (HIPC),109.5826338,54.7913169,164.3739507,127.49246982,127.49246982,254.98493964,94.30383106800001,141.455746602,235.75957767,110.459644884,99.4136803956,209.8733252796,725.0720456
High income,493.44828119999994,246.72414059999997,740.1724217999999,515.0165147999999,515.0165147999999,1030.0330295999997,335.528197308,503.292295962,838.82049327,447.99766452,403.19789806800003,851.195562588,36049.74575
High income: nonOECD,364.01982119999997,182.00991059999998,546.0297317999999,388.36442664,388.36442664,776.72885328,259.59374301599996,389.39061452399994,648.9843575399999,337.32599695199997,303.59339725679996,640.9193942088,16365.16378
High income: OECD,517.15386288,258.57693144,775.7307943200001,537.93350136,537.93350136,1075.86700272,349.073693388,523.6105400819999,872.68423347,468.0536857199999,421.24831714799996,889.3020028679998,40719.73453
Latin America & Caribbean (all income levels),288.16120162799996,144.08060081399998,432.24180244199994,312.661528416,312.661528416,625.323056832,213.15330648,319.72995972,532.8832662,271.325345508,244.1928109572,515.5181564652,8921.709283
Latin America & Caribbean (developing only),284.357437416,142.178718708,426.53615612399994,308.83038332399997,308.83038332399997,617.6607666479999,210.777646068,316.166469102,526.94411517,267.988488948,241.1896400532,509.1781290012,8619.190138
Least developed countries: UN classification,110.491303572,55.245651786,165.73695535800002,128.47306006799997,128.47306006799997,256.94612013599993,94.96296864,142.44445296,237.40742160000002,111.30911074800001,100.17819967320001,211.48731042120002,740.783932
Low & middle income,198.09919850400001,99.04959925200001,297.148797756,220.83483250799995,220.83483250799995,441.6696650159999,155.387808576,233.081712864,388.46952144,191.440613196,172.2965518764,363.7371650724,3372.353103
Low income,100.106628084,50.053314042,150.15994212599998,117.23044222799999,117.23044222799999,234.46088445599997,87.37742357999998,131.06613536999998,218.44355894999995,101.57149796399999,91.4143481676,192.9858461316,573.3383774
Lower middle income,154.16543559599998,77.08271779799999,231.24815339399998,174.99712262399999,174.99712262399999,349.99424524799997,125.76737465999999,188.65106199,314.41843665,151.643310948,136.4789798532,288.1222908012,1758.870697
Middle East & North Africa (all income levels),263.378894472,131.689447236,395.06834170800005,287.63285238,287.63285238,575.26570476,197.58374607599998,296.37561911399996,493.95936518999997,249.53183096399997,224.57864786759998,474.11047883159995,7064.157652
Middle East & North Africa (developing only),211.642667496,105.821333748,317.464001244,234.80931236399996,234.80931236399996,469.61862472799993,164.301482736,246.45222410399998,410.75370683999995,203.58448754399998,183.22603878959998,386.81052633359997,4003.990437
Middle income,208.123225488,104.061612744,312.184838232,231.184243512,231.184243512,462.368487024,161.99397028799999,242.99095543199996,404.98492572,200.43381308399998,180.39043177559998,380.82424485959996,3833.423532
North America,552.2818208399999,276.14091041999995,828.4227312599999,571.7547172799999,571.7547172799999,1143.5094345599998,368.96930064,553.4539509599999,922.4232516,497.66861303999997,447.901751736,945.5703647759999,48294.6308
Not classified,0.0,0.0,0.0,0.0,0.0,0.0,0.0,0.0,0.0,0.0,0.0,0.0,
OECD members,491.57019755999994,245.78509877999997,737.3552963399999,513.19755792,513.19755792,1026.39511584,334.45075176,501.67612764,836.1268794,446.40616896,401.765552064,848.171721024,35694.63064
Other small states,217.19318770799998,108.59659385399999,325.789781562,240.51761064,240.51761064,481.03522128,167.928518844,251.892778266,419.82129711,208.54643907599998,187.69179516839998,396.23823424439996,4282.33261
Pacific island small states,186.91505481599998,93.45752740799999,280.372582224,209.242839888,209.242839888,418.485679776,147.95491013999998,221.93236520999997,369.88727535,181.370934936,163.2338414424,344.6047763784,2900.098166
Small states,234.64884474,117.32442237,351.97326711,258.402186648,258.402186648,516.804373296,179.24259132,268.86388698,448.10647830000005,224.09787423599997,201.68808681239997,425.78596104839994,5234.023815
South Asia,137.148790068,68.574395034,205.723185102,157.00076445599998,157.00076445599998,314.00152891199997,113.95267394399998,170.92901091599998,284.88168485999995,136.034076168,122.43066855120001,258.46474471920004,1298.2767
Sub-Saharan Africa (all income levels),145.70260318799998,72.85130159399999,218.55390478199996,166.06602831599997,166.06602831599997,332.13205663199994,119.91862958399997,179.87794437599996,299.79657395999993,143.895753684,129.5061783156,273.40193199960004,1519.075782
Sub-Saharan Africa (developing only),145.24533179999997,72.62266589999999,217.86799769999996,165.58240744799997,165.58240744799997,331.16481489599994,119.60111505599998,179.40167258399998,299.00278763999995,143.47628478,129.128656302,272.604941082,1506.730202
Upper middle income,247.181478012,123.590739006,370.772217018,271.18322431199994,271.18322431199994,542.3664486239999,187.28425101599996,280.9263765239999,468.2106275399999,235.21631778,211.694686002,446.91100378199997,5991.009883
World,294.910236432,147.455118216,442.365354648,319.45019867999997,319.45019867999997,638.9003973599999,217.356427584,326.03464137599997,543.39106896,277.238954232,249.51505880880003,526.7540130408,9474.35556
