building,object_type
  house,residential
 chapel,commercial
40c,commercial
aapartments,residential
Abattoir,commercial
Abattoire,commercial
abbaye,commercial
abbaye ,commercial
abbey,commercial
abri,commercial
access,commercial
Acerias Paz del Rio,commercial
acess,commercial
address,commercial
Administration Police Line Thitha,commercial
administration_centre,commercial
administrative,commercial
Adventure Golf Totem Statue,commercial
aeroplane,commercial
Agence d'Assurance Axa,commercial
Aghezzola,commercial
Agrarian,commercial
agricultural,commercial
agriculture,commercial
Agroveterinaria Dos Pinos,commercial
air_shaft,commercial
Aire_libre,commercial
airodrome,commercial
Al Mandar,commercial
allotment_house,commercial
alm,commercial
Alm,commercial
alms_houses,residential
almshouse,residential
almshouses,residential
alotment_house,residential
alp,commercial
alp stable,commercial
Alphaville,commercial
alpi,commercial
altar,commercial
altemplom,commercial
Altenheim,commercial
Altglas- und Kleidercontainer,commercial
Altglascontainer,commercial
aluminium shop,commercial
ambulatory,commercial
amenity,commercial
amenity=university,commercial
Amphiteater,commercial
Amphitheater,commercial
amphitheatre,commercial
ancient pumping station,commercial
Anemon Hotel,commercial
Animal enclosure,commercial
ANL,commercial
Anne Ross Library,commercial
ano,commercial
antrance,commercial
aparments,commercial
apart,commercial
apartament,commercial
apartaments,commercial
apartements,residential
Aparthotel_Miami,commercial
apartment,residential
apartment building,residential
Apartment building,residential
apartment building with a church on the ground floor,residential
apartment house,residential
apartments,residential
Apartments,residential
apartments & commercial space at street level,commercial
apartments building,residential
apartments converted to commercial spaces & commercial space at street level,commercial
apartments/commercial space at street level,commercial
apartments;barn,residential
Apartments;house,residential
apartrments,residential
apiary,commercial
appartamet,residential
appartements,residential
Appartements,residential
appartment,residential
appartments,residential
Approved Premise,commercial
aprtments,residential
arbre,commercial
arcade,commercial
arch,commercial
architectural_monument,commercial
architecture,commercial
Archway,commercial
arena,commercial
Arena,commercial
Argos,commercial
armory,commercial
Army,commercial
art,commercial
art museum,commercial
arts_centre,commercial
Asistencia Tecnica,commercial
asphalt,commercial
assembly_hall,commercial
Association,commercial
Assure-IT,commercial
Asuncion,commercial
AT,commercial
Atelier,commercial
atelier de Broderie,commercial
atelier de couture,commercial
atm,commercial
attraction,commercial
Auditorio,commercial
auditorium,commercial
Aufbahrungshalle,commercial
auto repair,commercial
Ave Maria Gratia Plena,commercial
aviary,commercial
Awear,commercial
AWO,commercial
Axels Kiosk,commercial
b,commercial
bakehouse,commercial
bakery,commercial
bakeshop,commercial
Bakugn,commercial
balafon,commercial
balcony,commercial
bam,commercial
banana_shed,commercial
Banco Davivienda,commercial
band_stand,commercial
BAND939,commercial
bandstand,commercial
bank,commercial
Bank,commercial
Banque centrale du congo,commercial
banquet hall,commercial
Bar/Guest house,commercial
Barba Shop,commercial
bard,commercial
Barmer Ersatzkasse,commercial
barn,commercial
Barn,commercial
"barn,_house",residential
barrack,commercial
Barstaple Almshouses,commercial
basílica,commercial
basement_opening,commercial
baserria,commercial
basic_hut,commercial
basilica,commercial
Basilica,commercial
basilika,commercial
bath,commercial
bath_house,commercial
BATHROOM TEMPOLARY,commercial
bati,commercial
Batiment,commercial
batiment,commercial
Batiment A,commercial
Batiment commercial,commercial
Batiment F,commercial
Batiment G,commercial
batiments,commercial
Bauernhof,commercial
Bazylika Mniejsza,commercial
BDEAC,commercial
beach_hut,commercial
beach_huts,commercial
Bear Hall,commercial
Bedaioko Eliza,commercial
bee_box,commercial
beehive,commercial
bell tower,commercial
bell_frame,commercial
bell_house,commercial
bell_tower,commercial
Bello Khaliel Estate Mosque,commercial
belltower,commercial
bench,commercial
bergerie,commercial
beton,commercial
Betonblock,commercial
Betreutes Wohnen,residential
BHW-Rechenzentrum,commercial
Bibliothek,commercial
Big born,commercial
big state electric,commercial
big_house,residential
bike stand,commercial
billiard,commercial
binavi village,commercial
Bing,commercial
bing,commercial
BioMar,commercial
Biotrans_Waage,commercial
biura,commercial
"Bivacco ""Manara""",commercial
Bldg 2,commercial
block,commercial
Blockhaus,commercial
blockhouse,residential
blok,commercial
blue_little_house,commercial
BMH,commercial
BNSF Emporia Depot,commercial
BNSF Responder,commercial
boarded_up,commercial
boat,commercial
boat_house,residential
boat_storage,commercial
boathouse,commercial
Boathouse,residential
Bockwindmühle,commercial
bod,commercial
Bodega,commercial
bois,commercial
BOLSA,commercial
bomb_shelters,commercial
bomberos,commercial
bookshop,commercial
booth,commercial
Booths,commercial
bootshaus,commercial
Borda,commercial
border_post,commercial
boundary_stone,commercial
Boutique,commercial
box office,commercial
Braham Court,commercial
Brauerei,commercial
brewery,commercial
brick,commercial
bridal boutique,commercial
Bridal_Salon,commercial
bridge,commercial
Britak Centre,commercial
British Legion,commercial
Bubble tent,residential
budynek,commercial
Buffet Santa Terezinha,commercial
buiding,commercial
build,commercial
building,commercial
Building,commercial
BUILDING,commercial
building site,commercial
building trailer,residential
building:use=forestry,commercial
building_concrete,commercial
"building_concrete,building_wood",commercial
building_concrete;building_sheet_metal,commercial
building_concrete;tente,commercial
building_concrete_sheet_metal,commercial
building_concrete_shelter,commercial
building_concrete_sheter,commercial
building_corner,commercial
building_entrance,commercial
building_reinforced_concrete,commercial
building_sheet_metal,commercial
building_wood,commercial
Buildings,commercial
buildings,commercial
builidng,commercial
buker,commercial
bulding,commercial
Bumanya Health Centre,commercial
bungalow,residential
bunker,commercial
Bunker,commercial
bunker_shelter,commercial
Bunkeris,commercial
bunkerruins,commercial
bunkier,commercial
Bureau d'Arrondissement de Tanguiéta,commercial
Bureau_d'Etudes,commercial
burger;asian,commercial
bus shelter,commercial
bus shelters,commercial
bus stop,commercial
bus_depot,commercial
bus_shelter,commercial
bus_stop,commercial
business,commercial
Business School,commercial
business=uhaul,commercial
butter_cross,commercial
buuilding_entrance,commercial
Byzantine,commercial
C,commercial
C.C Los Molinos,commercial
C.C San Martín,commercial
C.E.M Ababacar Sy de Tivaouane,commercial
cabañas,commercial
cabana,commercial
cabane de jardin,commercial
cabib,commercial
cabin,commercial
Cabin,commercial
Cabina,commercial
cabine,commercial
cabinet,commercial
cabinet de soin,commercial
cabins,commercial
Cablevision S.A,commercial
cafe,commercial
cafetaria,commercial
California Estate,commercial
calvaire,commercial
campanile,commercial
Canal office,commercial
cancha,commercial
canopy,commercial
capel,commercial
capilla,commercial
Capita Data Centre,commercial
capitelle en ruine,commercial
Capitello,commercial
capitello,commercial
car sales,commercial
caravan,residential
Care Home,commercial
care_home,commercial
carport,commercial
carwash,commercial
casa,residential
casa colonica,residential
Casa Comunal,commercial
CASA CRINGUSI DUMITRU,residential
Casa Cumunal El Rodeo,residential
Casa de la Cultura,commercial
Casa de los Alvarado,residential
CASA GRAURE,residential
casa patrimonial,commercial
Casa Pueyo,residential
Casa residencial,residential
CASA TRANDAFIR,commercial
casa_banda_de_gaitas,commercial
Casas,residential
casas,residential
castel,commercial
castello,commercial
castle,commercial
Castle,commercial
castle build on a hill,commercial
castle?,commercial
Category:Gothic metal albumsCategory:Gothic metal albums,commercial
cathedral,commercial
catholic church,commercial
cattle_grid,commercial
Cav. Luciano Molteni,commercial
cave,commercial
cazelle,commercial
CBC II,commercial
cellar,commercial
Cemetary Offices,commercial
cemetery,commercial
cemetery_hall,commercial
center of floatation,commercial
central_office,commercial
Centre Africain de Formation de Jeunes,commercial
centre culturell,commercial
Centre d'acceuil,commercial
"Centro Comercial Boulevar Lindora,  local #8",commercial
Centro Comercial PLaza Dent,commercial
Centro Comercial Plaza Gariana,commercial
Centro Comercial Sumori,commercial
Centro Comercial Terrazas,commercial
Centro de Acopio Asocaval,commercial
Centro de Saude de Mazua,commercial
Centro de Saude de Mecutamala,commercial
Centro de Saude de Muralelo,commercial
Centro de Saude de policia,commercial
Centro Familiar el Aguila Real,commercial
Centro Recreacional Villatina,commercial
centro turístico ,commercial
Centro_Joven,commercial
cerkiew,commercial
ch,commercial
Chakula na lishe office,commercial
chalet,commercial
Chalet,commercial
chalet_bungalow,commercial
changing_cubicle,commercial
changing_rooms,commercial
Chaos,commercial
chap1111,commercial
chapel,commercial
Chapel,commercial
chapel ; ruins,commercial
chapell,commercial
chaple,commercial
chaplel,commercial
chappel,commercial
Chef Canton de Korbongou,commercial
Chef Canton de Louanga,commercial
chefe do Quarteirao 4,commercial
chemney,commercial
Chesham Cottage Hospital,commercial
Chez Yacouba Narouwa,commercial
Chief's Camp Kalitini,commercial
chimney,commercial
Chlorungsanlage,commercial
Choualiq Deir el Qamar,commercial
christian,commercial
chruch,commercial
chu,commercial
chuch,commercial
churc,commercial
church,commercial
Church,commercial
church ,commercial
Church - disused,commercial
Church / Kirche,commercial
Church Hall,commercial
church;monastery,commercial
church_hall,commercial
church_of_christ,commercial
churche,commercial
cidi,commercial
"Cilento Servizi, Laboratorio Iside",commercial
cinema,commercial
cisterna romana,commercial
City hall,commercial
city_gate,commercial
city_hall,commercial
Ciudadela Coloma Armijos,commercial
civic,commercial
Civic Center North Building,commercial
Civil Contingencies Unit,commercial
Clarion Mortgage Building,commercial
classroom,commercial
cle,commercial
climbing_tower,commercial
clinic,commercial
Clinica de Fisica,commercial
clock_tower,commercial
cloister,commercial
club,commercial
club house,commercial
club_house,commercial
Clubheim,commercial
clubhouse,commercial
coast_guard,commercial
CocaCola Ltd,commercial
CODIS,commercial
Cojunto Residencial Flores del Recreo,commercial
cokn s,commercial
colapsed,commercial
colegio,commercial
collapse,commercial
Collapse,commercial
collapsed,commercial
collapsed building,commercial
collapsed?,commercial
collasped,commercial
college,commercial
colonnade,commercial
column,commercial
Column,commercial
comercial,commercial
Comercial,commercial
commanderie,commercial
commercal,commercial
Commerce,commercial
commercial,commercial
Commercial,commercial
commercial / grocery store,commercial
commercial / liqour store,commercial
commercial and residential (mixed use),residential
commercial property,commercial
commercial Reliures,commercial
Commercial Residentials,residential
commercial space,commercial
commercial space below ground floor,commercial
commercial space ground floor,commercial
commercial space on the ground floor,commercial
"commercial space, ground floor",commercial
commercial/converted apartments,residential
commercial;,commercial
commercial;garage,commercial
commercial;residential,residential
commercial;retail,commercial
commercial57610,commercial
"Commune, commune community",commercial
communication,commercial
communications,commercial
community,commercial
Community Center,commercial
community centre,commercial
Community Hall,commercial
community_centre,commercial
company,commercial
Company HLM,commercial
Compounds,commercial
CompuB,commercial
computer,commercial
Computer room,commercial
comu,commercial
concrete,commercial
condition=recognizable_remains,commercial
condo,commercial
Condominio Juliana,commercial
Condominio Los Nogales,commercial
Condominio Santorini,commercial
condominium,commercial
"Condominium, trustee, SCI",commercial
condominiums,commercial
condominum,commercial
condomnium,commercial
Conference Rooms,commercial
Conference Suite,commercial
conference_centre,commercial
conservatory,commercial
Consrtuction,commercial
constraction,commercial
construct,commercial
constructed,commercial
construction,commercial
Construction,commercial
Construction abandonnée,commercial
constructions,commercial
constrution,commercial
constuction,commercial
container,commercial
containers,commercial
contemplation,commercial
conteneur,commercial
control tower,commercial
contruction,commercial
convent,commercial
convention_centre,commercial
Convento,commercial
convert,commercial
corporate_office,commercial
costruction,commercial
cottage,commercial
country_house,residential
Course,commercial
course,commercial
court,commercial
courthouse,commercial
Cowell Annex,commercial
cowell apartment 1,residential
Cowell Apartment 2,residential
cowell apartment 2,residential
Cowell apartment 3,residential
Cowell apartments 4,residential
Cowell community room,commercial
cowshed,commercial
CRC IMMOBILIERE,commercial
Cresswood Tenant's Hall,commercial
Croix,commercial
cross,commercial
Cross,commercial
crossing,commercial
crucifix,commercial
crypt,commercial
curch,commercial
Curzon Street Station Building (Disused),commercial
Cyber,commercial
d,commercial
D,commercial
Dada Neema Hair Dressing Saloon,commercial
dam,commercial
damage:evaluation_step:imagery=[damaged;destroyed],commercial
damaged,commercial
Dance Studio,commercial
Dangereux,commercial
Data Center,commercial
data_center,commercial
Davis Centre,commercial
dcc residents,residential
DDF Kanyemba,commercial
De Bellefleur,commercial
De Witt Clinton Masonic Lodge,commercial
de:10041:17304::173041,commercial
de:10041:17304::173042,commercial
dead_pub,commercial
defibrillator,commercial
demolished,commercial
demolished:office,commercial
demolished_2018,commercial
demolition,commercial
dental laboratory,commercial
dentist,commercial
"Department of Education, Culture and Sport",commercial
depot,commercial
Dept Veterans Affairs,commercial
derelict,commercial
derelict_house,commercial
destroyed,commercial
det,commercial
detran,commercial
devecote,commercial
dfgi,commercial
Diario El Mercurio,commercial
digester,commercial
Diomkounba,commercial
Direction Technique STTB,commercial
diroccata,commercial
disco,commercial
Dispensario Ungubi,commercial
Dispensary,commercial
disused epigean oil mill,industrial
disused undergraund oil mill,industrial
disused_lighthouse,commercial
diving_bell,commercial
Dobie Tower,commercial
doctor,commercial
Doctor,commercial
Doctors,commercial
doctors_centre,commercial
dom,commercial
Dom,commercial
dome,commercial
domestic,commercial
domitory,commercial
doocot,commercial
dorm,commercial
dormatory,commercial
dormitory,commercial
Dormitory,commercial
dormotory,commercial
Doubai,commercial
dovecote,commercial
drainage pump,commercial
drive_through,commercial
driving_school,commercial
drugstore,commercial
drying_shed,commercial
Dugi,commercial
duhok-erbil_road_&_alind_market,commercial
Dunnes,commercial
Duotones GmbH,commercial
duplex,commercial
DVLA,commercial
Dvorana_Luke,commercial
dwelling,commercial
dwelling_house,commercial
dzwonnica,commercial
E.Isidore Disco,commercial
Eastern Police Barracks,commercial
easy palour,commercial
Eberthuette,commercial
ecole,commercial
Ecole coranique,commercial
EcoVillage de Sirka,commercial
Ed. Ana Maria,commercial
Ed. Morgado's,commercial
Ed. Portuens I,commercial
Edificio,commercial
edificio,commercial
edificio capricornio,commercial
edificios inovo,commercial
Edmundson Electrical Ltd,commercial
education,commercial
Education,commercial
education_center,commercial
Eesti Energia elektrijaam,commercial
Eglise,commercial
ehem. Wasserburg,commercial
eintrance,commercial
electric,commercial
electricity,commercial
Electricity Sub-station,commercial
elementary,commercial
elementary_school,commercial
Eletxe,commercial
elevator,commercial
Eliezer building,commercial
ELimu;school,commercial
em,commercial
embassy,commercial
emergency,commercial
Emergency,commercial
emergency_access_point,commercial
emergency_entrance,commercial
emergency_exit,commercial
emergency_service,commercial
empty,commercial
emtrance,commercial
en,commercial
en beton,commercial
En construction,commercial
en construction,commercial
en Construction,commercial
engineering_office,commercial
enrance,commercial
enreance,commercial
ent,commercial
entance,commercial
entarnce,commercial
enterance,commercial
enterence,commercial
entr,commercial
entrace,commercial
entracne,commercial
entranc,commercial
entrancce,commercial
entrance,commercial
Entrance,commercial
entrance',commercial
Entreprise Coudrais,commercial
entry,commercial
environmental_interpretation_centre,commercial
Ermeni Katolik Kilisesi,commercial
Escuela,commercial
escuela,commercial
ESCUELA,commercial
Escuela_Nivel_Primario,commercial
Escuela_Pública,commercial
Estadio do Dragao,commercial
estena,commercial
esztena,commercial
Etat Civil,commercial
etrance,commercial
Euler Hermes credit insurance,commercial
Euro-Schule Dessau/Aken,commercial
Ev. Gemeindehaus,commercial
Ev. Kirche,commercial
exhibition hall,commercial
exit,commercial
experiment_station,commercial
Experimentelles Wohnen,residential
factory,industrial
factory ,industrial
faculty,commercial
faculty offices,commercial
faculty_of_business_and_economy,commercial
Fairthorne Manor,commercial
Falstaff Court,commercial
familie house,residential
Famille,commercial
familok,commercial
family,commercial
Family house,residential
Family House,residential
family_house,residential
farm,commercial
Farm,commercial
Farm Auxiliary,commercial
farm;residential,residential
farm_auxiliary,commercial
farm_auxilliary,commercial
farm_building,commercial
farm_house,commercial
FARMACIA,commercial
farmhouse,residential
farmyard,commercial
Federico Froebel,commercial
fee_booth,commercial
fence,commercial
Ferretería ,commercial
Ferrocarriles_Argentinos,commercial
ferry_terminal,commercial
Feuerwehr,commercial
Feuerwehrgerätehaus,commercial
Field,commercial
Fieldhouse,residential
filling station,commercial
Finca Can Martas,commercial
fire department,commercial
Fire fighter,commercial
fire lookout,commercial
Fire Station,commercial
fire_escape,commercial
fire_lookout,commercial
fire_station,commercial
fire_tower,commercial
firma1,commercial
fish_farm,commercial
Fishing hut,commercial
fitness_center,commercial
fitness_centre,commercial
FITOFARMACIE,commercial
Flachdachhaus,commercial
flat,residential
Flat,residential
flatiron,commercial
flats,residential
Flats,residential
Floating Pontoon,commercial
Flugrettung Christophorus 6 ÖAMTC,commercial
flying_club,commercial
footway,commercial
forest_management_office,commercial
forestry,commercial
formely,commercial
former church,commercial
former school,commercial
former_station,commercial
former_windmill,industrial
Forsthaus,commercial
fort,commercial
fortress,commercial
forum,commercial
Foto Art d.o.o. Sarajevo,commercial
fotocopiadora,commercial
foundation,commercial
Fraternal institution,commercial
Fraternal institution;residential,residential
fraternity,commercial
fraternity_house,residential
Freginals,commercial
Fromagerie,commercial
fuel,commercial
Fundacite,commercial
Fundacja,commercial
funeral_hall,commercial
funeral_home,commercial
furnace,commercial
Galinheiro,commercial
gallery,commercial
GAP,commercial
gar,commercial
garage,residential
Garage,commercial
garage/shed,commercial
garages,commercial
garbage_shed,commercial
Garden Shed,commercial
Garden Towers,commercial
gas,commercial
gas station,commercial
gas_station,commercial
gas_station_+_mini mart,commercial
Gas_stations,commercial
gasoil,industrial
gasometer,industrial
Gasteig,commercial
gate,commercial
gate_house,commercial
gatehouse,commercial
gauchfeld,commercial
gazebo,commercial
Gazebo,commercial
gazeboo,commercial
gemeindeamt,commercial
Gemeindeverwaltung,commercial
Gemeindezentrum,commercial
Gendarmerie,commercial
general,commercial
general_service;private,commercial
general_service;public,commercial
generic,commercial
Geomatikum,commercial
Gericht,commercial
ghhou,commercial
Giascera,commercial
Gimnasio,commercial
GIS Lab,commercial
glamping_tent,commercial
glasshouse,commercial
Goahti,commercial
goal ireland centre,commercial
goat kraal,commercial
goat_shed,commercial
godshuizen,commercial
gold_mine,industrial
golf club,commercial
Golf Course,commercial
gone,commercial
gonic mill,commercial
Gonsawa,commercial
goverment,commercial
government,commercial
Government,commercial
Government satellite,commercial
Govinda Cement Block Manufacture,commercial
grade2,commercial
grain silo,commercial
granary,commercial
grandstand,commercial
GRASS,commercial
grave,commercial
greenhouse,commercial
Greens Norton Court,commercial
Grill plats,commercial
grilled chicken sinalao style,commercial
grist_mill,commercial
Grotte,commercial
grotto,commercial
ground_station,commercial
gruta,commercial
guard_booth,commercial
guard_house,commercial
guard_post,commercial
guardhouse,commercial
guest house,residential
GUEST HOUSE,commercial
guest_house,residential
Guest_house,commercial
guesthouse,residential
guide hut,commercial
guild,commercial
GULF lake oil,commercial
gun rack,commercial
guy_wire_anchor,commercial
gym,commercial
Gym,commercial
gymnase,commercial
gymnasium,commercial
Gymnasium,commercial
Gypsum Industry,industrial
H&M,commercial
Hagget,commercial
hair salon,commercial
hairack,commercial
hall,commercial
Hall,commercial
hall with stage,commercial
hall_of_residence,residential
Halle_couverte,commercial
Hallenbad,commercial
hammam,commercial
han,commercial
hangar,commercial
hangar de famille,commercial
Hangar Entrepot SDV,commercial
Hannon House,commercial
Haras ostas glempinga mājiņas,commercial
Hasenrain,commercial
hat,commercial
Haus,commercial
haus,commercial
hause,commercial
Havezathe,commercial
hayloft,commercial
haystack,commercial
Heads Nav Beacon,commercial
health,commercial
health center,commercial
Health Centre,commercial
health centre,commercial
healthcare,commercial
Heimathaus,commercial
heladeria,commercial
Help center,commercial
henhouse,commercial
hermitage,commercial
Herrensitz,commercial
Hessenwasser,commercial
Hidir Bey Tandir,commercial
high school,commercial
highstand,commercial
Hilding_Business_Park,commercial
Hillocks commercials,commercial
historic,commercial
Historic,commercial
historic oil mill,commercial
historical,commercial
historical house,residential
historical_building,commercial
Historische IV.Kompanie von 1814,commercial
HLM,commercial
Hohenpressen,commercial
holiday cottages and health spa,commercial
Holzbau Stiegler,commercial
home,residential
Hopeman Memorial Hall,commercial
horreo,commercial
Horsey Park Market,commercial
hose,commercial
hospital,commercial
Hospital,commercial
Hospital Municipal,commercial
hostel,commercial
hosue,commercial
hotel,commercial
Hotel,commercial
HOTEL,commercial
hotel 3 stelle,commercial
HOTEL chez belle vie 2,commercial
Hotel_Madrid,commercial
hotel_resort,commercial
hou,commercial
houaw,commercial
houe,commercial
houe_of_mourning,commercial
house,residential
House,commercial
HOUSE,residential
house with a cottage in the rear,residential
house with an inlaw apartment,residential
"house, hotel",commercial
"house,building:levels=1",residential
"house,building:levels=2",commercial
house;residential,residential
house;yes,commercial
house_of_mourning,commercial
houseboat,residential
houses,residential
housing,commercial
housr,commercial
hovel,commercial
hunting_lodge,commercial
hunting_stand,commercial
hut,residential
HUT,commercial
Hut,commercial
hut,commercial
"hut , garage",commercial
hut or garage,commercial
hut;cabin,commercial
hut;yes,commercial
hute,commercial
Hythe Village Hall,commercial
IBS Groupe,commercial
ice house,residential
ice_house,residential
Ice_Skating_Arena,commercial
icehouse,commercial
id checkpoint,commercial
Iglesia,commercial
Iglesia Parroquial,commercial
iglesias Mormona,commercial
Igreja,commercial
Illini Union,commercial
indoor,commercial
indoor_swimming_pool,commercial
Indumil,commercial
industial,commercial
industrial,industrial
industrial;terrace,industrial
industry,industrial
Industry,industrial
informal,commercial
inovo plaza,commercial
inside,commercial
Invesco Perpetual,commercial
isolated_dwelling,commercial
Istitut d'Economie et de Recherche (IER),commercial
ITER Headquarters Building,commercial
ITS,commercial
ja,commercial
Ja,commercial
Jabavu Court,commercial
Jabuticaba,commercial
jail,commercial
Japanisches Teehaus,commercial
jardin abbas,commercial
Jemsha comm limited,commercial
jes,commercial
JNM Aalst,commercial
Jomba investment,commercial
Jugendzentrum,commercial
Jurte,commercial
justicia,commercial
k7,commercial
köprü_altı,commercial
kapel,commercial
Kapelle,commercial
kapem,commercial
kapliczka słupowa,commercial
Kartbahn,commercial
kasarani youth resource centre,commercial
Kath. Kirche,commercial
kath._Pfarrzentrum,commercial
Kavernenspeicher,commercial
Kaya hygiene industy,commercial
Kayer,commercial
Kegelbahn,commercial
Kindergarden,commercial
kindergarten,commercial
kindergarten Staffelacker,commercial
Kingdom Hall,commercial
Kingdom Hall of Jehovah's Witnesses,commercial
kingdom_hall,commercial
Kingdom_Hall,commercial
kiosk,commercial
kiosk + building:levels=1,commercial
Kirche,commercial
kisugu police post,commercial
Kloster,commercial
kolping_house,commercial
Kosova Petrol,commercial
kraal,commercial
Kraal,commercial
Krankenhaus,commercial
Kwa Manyopu,commercial
KWAMSEMBEA  PRIMARY SCHOOL,commercial
La Poste,commercial
LABOR,commercial
Laboratorio de Computo.,commercial
laboratory,commercial
laboratory of fuel,commercial
lamp,commercial
Lanark,commercial
landuse,commercial
Landwirtschaftlicher Schuppen,commercial
language bureau,commercial
larroin,commercial
las metalicas,commercial
LAS PALMAS,commercial
Lavaseco Las Villas,commercial
Lavoir,commercial
Law Firm,commercial
lean_to,commercial
Lecture room,commercial
lecture_hall,commercial
Leierkasten,commercial
leisure,commercial
leisure_centre,commercial
level_crossing,commercial
library,commercial
Library,commercial
Liceo Informatico y Ciudad Educativa,commercial
lifeboat_station,commercial
lighthouse,commercial
Lilley Manor Farm,commercial
lime_kiln,commercial
Limit de Nkolyem-Eligyen et Okola,commercial
little_house,residential
livestock,commercial
loading dock,commercial
loading_ramp,commercial
local,commercial
local vide,commercial
local_government,commercial
locality,commercial
lodge,commercial
lodge_tent,commercial
log cabin,commercial
Logement Directeur,commercial
Logements sociaux,commercial
lona's place- blue waters,commercial
lookout_tower,commercial
lot,commercial
Lucky summer chiefs camp,commercial
machine_garage,commercial
machine_shop,commercial
Magasin d'instruments de musique,commercial
mailing location,commercial
main,commercial
Maison,residential
Maison de jeunes,commercial
Maison de retraite,commercial
Maison d'enfants,commercial
Maison d'habitation,residential
Maison du bonheur,commercial
Maison du Service Public,commercial
maison mitoyenne,residential
maisonette,residential
maize mill,industrial
MAJ Building,commercial
Majourstuhuset,commercial
Makro comm ltd,commercial
mall,commercial
Mama kafipa buildings,commercial
MAMA MUZNA,commercial
management shade,commercial
manifacture,commercial
manor,commercial
"Manor House, University of Brighton",commercial
manor_house,commercial
mansion,commercial
manufacture,commercial
Manufacture,commercial
manufacture_/_tourist,commercial
manufactured_home,residential
marabout,commercial
marakezFarhangi,commercial
Mareba Enterprice limited,commercial
Marimanti Rural Training Centre,commercial
market,commercial
Mas Reig,commercial
masia,commercial
Masia,commercial
Masonic hall,commercial
masonic_lodge,commercial
Massage Christine,commercial
Maswadeh Co.,commercial
materio constructuon,commercial
Matswere Gate,commercial
mausoleum,commercial
maybe,commercial
meat_shop,commercial
medical,commercial
medical marijuana dispensary,commercial
medical_centre,commercial
medical_practice,commercial
memorial,commercial
Mensa,commercial
menuiserie,commercial
Mercado Coca Cola,commercial
Mercado_La_Dalia,commercial
Mercia Radiotelephones Ltd,commercial
mesque,commercial
Met High School (K200),commercial
Metal,commercial
Metrocentro,commercial
Metropolitan Tower,commercial
Mi casita,commercial
Microondas,commercial
military,commercial
Military Base,commercial
mill,industrial
minaret,commercial
mini hut,commercial
Mini Mercado Toste,commercial
mini shop,commercial
missile,commercial
mission,commercial
mit house,commercial
Mitsa,commercial
MM integrated steel mills,industrial
mobile,commercial
Mobile Advert Agency,commercial
mobile_cell,commercial
mobile_home,residential
Mol Industry,industrial
Mole Hall,commercial
monastary,commercial
Monastero,commercial
monastery,commercial
monastry,commercial
monument,commercial
Monument,commercial
moque,commercial
Morillas Caballero S.I.,commercial
Morocco Square,commercial
mortuary,commercial
mosque,commercial
Mosque,commercial
mosquee,commercial
Mosquee Eghazala,commercial
most covered,commercial
motel,commercial
Motel,commercial
Mr Bricolage,commercial
MSF Bo District Office,commercial
mtito Andei Apartments,residential
Mui Chief Camp,commercial
Mulino Tanoni,commercial
multifamily,commercial
Munawer Complex,commercial
munitions_plant,commercial
museum,commercial
Mutuangombe Chief's Office,commercial
Mzimu Woyera ndi Moto Church,commercial
napa auto parts,commercial
Nasi Transport Industry,industrial
Nation Tower,commercial
naval_station,commercial
needles hall,commercial
Nestle Product Technology Center (PTC),commercial
New Look,commercial
Next,commercial
ngo,commercial
Ngumo Residential,residential
NHC,commercial
nightclub,commercial
Nonprofit organizations=,commercial
nunnery,commercial
nursery school,commercial
Nursing Home,commercial
nursing_home,commercial
Nursing_Home,commercial
Nyamweyas Depot,commercial
Nyati Lining,commercial
oam:machine_garage,commercial
oam:machine_shop,commercial
O'Bair Economic Society,commercial
Obi,commercial
Obrador,commercial
observatory,commercial
ochrona,commercial
Oesterreichisches Schloesschen,commercial
officce,commercial
office,commercial
Office,commercial
office ,commercial
office building,commercial
office de tourisme,commercial
Office/Workspace,commercial
office;residential,residential
office_block,commercial
office_building,commercial
office=*commercial,commercial
offices,commercial
officina informatica,commercial
Oficina Central,commercial
Oficina Hidrosuroeste - Catastro,commercial
Oil_Depot,industrial
old_peoples_home,residential
old_water_mill,industrial
old-age home,commercial
Operative Center,commercial
optician,commercial
Pacific stationary  kenya limited,commercial
Page Smith Library,commercial
pagoda,commercial
paille doramer,commercial
PAINE TUDOR VLADIMIRESCU PRODB,commercial
palace,commercial
Palacio,commercial
Palacio Municipal,commercial
palais,commercial
panel_house,commercial
Parada de Autobuses TUASA,commercial
paramedic and midwife station,commercial
parish,commercial
parish_hall,commercial
parish_home,commercial
parish_house,residential
parish_office,commercial
park,commercial
Park Health Centre,commercial
Parkhaus,commercial
parking,commercial
parking_entrance,commercial
parking_exit,commercial
parking_space,commercial
parkplatz,commercial
parliament,commercial
Part_of_a_Building,commercial
Partial Collapse,commercial
Pastorial Center,commercial
pavilion,commercial
Pavilion,commercial
pavillion,commercial
pavillon,commercial
Pavillon,commercial
Pelson company limited,commercial
Penneys,commercial
Pentagono,commercial
penthouse,residential
Percent_Software,commercial
pergola,commercial
Pergola,commercial
perhaps,commercial
Permanent Dwelling Unit,commercial
permanent dwelling unit,commercial
Permanent Dwelling unit,commercial
petrol station,commercial
Pfaffenberg,commercial
Pfarrkirche St Michael Thalhofen,commercial
Pflege und Seniorenheim Uetze,commercial
Pflegeheim,commercial
pharmacy,commercial
Pharmacy,commercial
philharmonic,commercial
phone_box,commercial
phonebox,commercial
piggery,commercial
pinapple farm,commercial
place of the worship,commercial
place_of_worship,commercial
PLACE_OF_WORSHIP,commercial
plagwitzer_markthalle,commercial
Plan Office,commercial
platform,commercial
play centre,commercial
playground,commercial
playground ,commercial
Plaza del Sol,commercial
Plaza Freses,commercial
police,commercial
Police,commercial
police station,commercial
pontoon,commercial
pool,commercial
poolhouse,commercial
porch,commercial
Portable_Buildings,commercial
Post office,commercial
post_office,commercial
postal_sorting_office,commercial
poultry,commercial
power,commercial
power house,commercial
Power station,commercial
power_house,commercial
power_station,commercial
prayer house,commercial
prayer room,commercial
prayer_house,commercial
preschool,commercial
primary,commercial
printing_plant,commercial
Prishtina Gas ,commercial
prison,commercial
Private company SA,commercial
private garages,commercial
psychological clinic,commercial
PU,commercial
pub,commercial
public,commercial
public buiding,commercial
public library,commercial
Public Restroom,commercial
"public,_hut",commercial
public_building,commercial
public_entrance,commercial
Public_Library,commercial
publico,commercial
pump house,commercial
pump_house,commercial
pump_station,commercial
pumping_station,commercial
pyramid,commercial
quest_house,commercial
quest_House,commercial
Quiola House,residential
radar tower,commercial
radio_station,commercial
Radom,commercial
radome,commercial
railroad,commercial
railway,commercial
railway_arches,commercial
railway_carriage,commercial
railway_depot,commercial
railway_station,commercial
ramp,commercial
ranch,commercial
ranger_station,commercial
ransformer_tower,commercial
Ravensburger Str. 1,commercial
razed,commercial
real estate,commercial
reatil,commercial
reception,commercial
Rechtsanwaltskanzlei,commercial
recidencia,commercial
Recording Studios,commercial
recording_studio,commercial
rectory,commercial
refectory,commercial
refuge,commercial
Refugio,commercial
Registro Civil del Canton Chimbo,commercial
Reithalle,commercial
religion,commercial
religious,commercial
religious purpose,commercial
relikt,commercial
remains,commercial
Renaissance Center,commercial
Resdential area,commercial
research,commercial
research_institution,commercial
reservoir_covered,commercial
resevoir_covered,commercial
residence,residential
Residence Faustin Bemba,residential
residence hall,residential
Residence_Hall,residential
residencial,commercial
Residencial,commercial
residencial e comercial,commercial
resident builiding houses,residential
residental,residential
residential,residential
Residential,residential
residential area,residential
Residential building,residential
residential e comercial,residential
residential home,residential
Residential house,residential
Residential Houses,residential
Residential mapping,residential
residential;Barn,residential
residential;commercial,residential
residential;cottage,residential
residential;garage,residential
residential;house,residential
residential_Building,residential
residential_home,residential
"residential_home,_barn_attached_~22_stalls,_indoor_and_out_door_arenas,_several_turnout_areas",residential
residential_houseboat,residential
residentials,residential
residenziale,commercial
residntial,commercial
resource center,commercial
restaurant,commercial
Restaurant,commercial
restaurante,commercial
restaurante ,commercial
Restaurante ,commercial
retail,commercial
retail office,commercial
retail shops,commercial
retail:photos,commercial
retail;yes,commercial
retail=*estate_agent,commercial
retirement home,commercial
Richmond Courts Complex,commercial
riding_hall,commercial
riding_school,commercial
Rifugio Forestale,commercial
robertson_building,commercial
Rock Kitchen Harris,commercial
rock-cut,commercial
Rockyridge Community Center,commercial
roller rink,commercial
roman_villa,commercial
Ron Eydt Village,commercial
rondavel,commercial
rood,commercial
roof,commercial
roof permanent,commercial
room,commercial
Rotte,commercial
row_house,residential
ruined_building,commercial
rural church,commercial
Saadan House,commercial
Sagicor Financial Centre,commercial
salon,commercial
salt_dome,commercial
Samiyonga,commercial
Sana industries company limited,industrial
sanctuary,commercial
Sanitry Office,commercial
Santamore,commercial
satellite_tracking_station,commercial
sauna,commercial
sauna; smoke sauna,commercial
scale house,commercial
scales,commercial
Scheune,commercial
school,commercial
School,commercial
"school,_residential,service",residential
school;yes,commercial
school_building,commercial
school_donde_trabajo,commercial
Schule,commercial
Science Teaching Complex,commercial
scout hut,commercial
scout_hut,commercial
sculpture workshop,commercial
scuola Media Inferiore,commercial
seamark,commercial
Sebera Primary School,commercial
secondary,commercial
Secours Catholique,commercial
secretaria municipal de planejamento e desenvolvimento urbano,commercial
security_booth,commercial
Sede PPD-PSD Machico,commercial
self catering,commercial
self storage,commercial
"self storage, indoor",commercial
sema fashions boutique,commercial
Sendemast,commercial
senior residence,residential
Seniorenheim,commercial
Senteu Plaza,commercial
service,commercial
Service,commercial
services,commercial
Servicios Petroleros,commercial
Sevillana Stromgesellschaft,commercial
sewage facility,commercial
sewage pumping station,commercial
sewage_pumping_station,commercial
Seyir Tepesi,commercial
SGV Elsetal,commercial
shack,commercial
Shantao industry,industrial
sheck,commercial
shed,residential
Sheep Barn,commercial
sheep_fold,commercial
sheepfold,commercial
shel,commercial
shelter,commercial
Shelter in ruins,commercial
shelter;tent,commercial
sheperd's hut,commercial
shepherd_shelter,commercial
shepherds_hut,commercial
shet,commercial
Shiley Eye Center,commercial
ship,commercial
shooting_lodge,commercial
shop,commercial
Shop,commercial
shop=*accountant,commercial
shop=*betting,commercial
shop=*caravan,commercial
shop=*carpet,commercial
shop=*carpets,commercial
shop=*consultant,commercial
shop=*electonics,commercial
shop=*electrical,commercial
shop=*electronic,commercial
shop=*electronics,commercial
shop=*engineer,commercial
shop=*estate,commercial
shop=*insurance,commercial
shop=*investment,commercial
shop=*kirate,commercial
shop=*law,commercial
shop=*optician,commercial
shop=*opticians,commercial
shop=*pet_shop,commercial
shop=*photography,commercial
shop=*plumbing,commercial
shop=*printing,commercial
shop=*signs,commercial
shop=*tattoo,commercial
shop=*textiles,commercial
shop=*upholstery,commercial
shop=agrarian,commercial
Shop=Agriarian,commercial
shope,commercial
shopping center,commercial
shops,commercial
shrine,commercial
silo,commercial
silos,commercial
small hut,commercial
Small Industry(Kiwanda Cha Wachina),industrial
Small Powerstation,commercial
social_facility,commercial
Software,commercial
Solar_Energy_Equipment_Supplier,commercial
South Campus Hall,commercial
South Gate,commercial
spaceclaw,commercial
Speedy Print Resources,commercial
splash,commercial
Spor Salonu,commercial
sport,commercial
sport center,commercial
sport_field,commercial
Sport_field,commercial
Sportcenter,commercial
sports,commercial
sports_centre,commercial
sports_hall,commercial
sportwinkel,commercial
St. Catherine Prison,commercial
St. Louis Art Museum,commercial
stable,commercial
Stable Cottages,commercial
stables,commercial
stadium,commercial
stadium;amphitheatre,commercial
stage,commercial
stall,commercial
Stall,commercial
stalls,commercial
stand,commercial
standing,commercial
Stankt Johann am Pressen,commercial
static_caravan,commercial
static_caravan;building trailer,residential
static_caravan;GARAGE,residential
static_catravan,residential
statiic_caravan,residential
station,commercial
station_entrance,commercial
statue,commercial
Statue,commercial
steam_plant,commercial
stilt_house,residential
stora Embarsboda,commercial
storage,commercial
storage_room,commercial
storage_tank,commercial
Storage_Units_and_Shopping_Center,commercial
store,commercial
store room,commercial
Storebrand main offices,commercial
strip_mall,commercial
stripmall,commercial
structure,commercial
Student Life Centre,commercial
student_housing,commercial
Student_Housing,commercial
student_union,commercial
sub_station,commercial
substation,commercial
summer_cottage,commercial
summer_house,commercial
summerhouse,commercial
supermarket,commercial
surfing,commercial
Swaynes Hall,commercial
swimming pool,commercial
swimming_pool,commercial
SWM Plant,commercial
synagoge,commercial
synagogue,commercial
synagogue ,commercial
taller mecanico,commercial
tank,commercial
tanks,commercial
Tassilo Recidence,commercial
Tatham Centre,commercial
Technicum,commercial
Technological Institute,commercial
telephone,commercial
telephone box,commercial
telephone_box,commercial
telephone_excahnge,commercial
telephone_exchange,commercial
telephone_kiosk,commercial
temple,commercial
Temple de Beree,commercial
tennis_club,commercial
terminal,commercial
Territorial Army Centre,commercial
tes,commercial
Th 14:00-20:00,commercial
Thamaga Pottery,commercial
Tharaka Nithi SACCO Buildingi,commercial
"The Flying Club, Kemble",commercial
"The Sign People, C Stanley Jones & Co",commercial
theater,commercial
theatre,commercial
Thitha Shopping Centre,commercial
tholos,commercial
thomas_house,commercial
THW,commercial
Tiger candles,commercial
tipi,commercial
Tipi,commercial
tm office,commercial
Tocic Company,commercial
Toeller Building,commercial
toilet,commercial
Toilet,commercial
toilets,commercial
tole,commercial
tole d'acier,commercial
tollhouse,commercial
tomb,commercial
Tombeau des Askias,commercial
Tommy Hilfiger,commercial
tools,commercial
Topshop,commercial
tourism,commercial
tourism=chalet,commercial
tower,commercial
Tower,commercial
tower;ruins,commercial
tower_block,commercial
towerblock,commercial
Towla HQ Office,commercial
Towla Managers House,commercial
Town Hall,commercial
town house,residential
town_gate,commercial
town_hall,commercial
townhall,commercial
townhouse,residential
Townhouse,residential
trade_union,commercial
traffic_box,commercial
trailer,residential
trailer_park,residential
trailor,residential
train station,commercial
train_statiom,commercial
train_station,commercial
train_ststion,commercial
transfomer_tower,commercial
transformer,commercial
transformer tover,commercial
transformer_kiosk,commercial
transformer_power,commercial
transformer_tower,commercial
transformertower,commercial
transit_shelter,commercial
transmission tower,commercial
transportation,commercial
transports,commercial
travail,commercial
Tresor Public de Dabou,commercial
triomphal_arc,commercial
troglodyte,commercial
truck,commercial
TSV Brunn,commercial
tuck residential,residential
Turn de Control Aerodrom Clinceni,commercial
TV Station,commercial
TV_tower,commercial
univercity,commercial
univeristy,commercial
UNIVERSIDAD,commercial
universitaire,commercial
Universitario,commercial
Universiteitsforum,commercial
university,commercial
University,commercial
university building,commercial
university library,commercial
unviersity,commercial
Urbanizacion Alvaro Uribe,commercial
Urretxu,commercial
USAID Residence,residential
Usalama Estate,commercial
utility_cabinet,commercial
V.k company limited,commercial
vacant,commercial
value,commercial
valve_house,commercial
Vanguard Newspaper,commercial
vc's residential,residential
vehicle,commercial
Vempal EM limited,commercial
Venda de granja,commercial
vending machine,commercial
ventilation_kiosk,commercial
Vereinshaus,commercial
Vereinsheim,commercial
Vereinsheim SGV,commercial
Vero Moda,commercial
Vet,commercial
Veterinary,commercial
vets,commercial
Victory Vision Enterprise,commercial
Vila,residential
villa,residential
Villa,residential
Villa Claudia,residential
Villa Ximena,residential
village,residential
Village Development Council Office,commercial
village_hall,commercial
village_house,residential
vineyard,commercial
Viv,commercial
vivienda bifamiliar,commercial
VIvienda privada,commercial
walmart supercenter,commercial
wandaz supermarket,commercial
warehouse,industrial
Warehouse,industrial
"warehouse,barn",industrial
warehouse;house,industrial
warehouse;supermarket,industrial
warehouses,industrial
Washington Convention Center,commercial
watch tower,commercial
watch_tower,commercial
watchtower,commercial
water,industrial
water mill,industrial
water point,industrial
water reservoir,industrial
water tower,industrial
Water Utility,industrial
water_chamber,industrial
water_dispenser,industrial
water_mill,industrial
water_power,industrial
water_pump,industrial
water_tank,industrial
water_Tanks,industrial
water_tower,industrial
watermil,industrial
watermill,industrial
wayshide_shrine,commercial
wayside chapel,commercial
wayside shrine,commercial
wayside_chapel,commercial
wayside_Chapel,commercial
wayside_cross,commercial
wayside_shapel,commercial
wayside-chapel,commercial
weather_station,commercial
weigh_bridge,commercial
welfare house,commercial
welsh_long_house,commercial
Werkstatt,commercial
whaling_station,commercial
Whinery,commercial
wholesale,commercial
wilderness_hut,commercial
wildernet_hut,commercial
wilderrness_hut,commercial
Willowbath Mill,commercial
WIMA engineering workshop,commercial
wind pump,commercial
wind turbine,commercial
wind_pump,commercial
windmill,industrial
wine_cellar,commercial
winery,commercial
Winona west fire station,commercial
Wohnanlage,residential
Wohnhaus,residential
Wohnpark,residential
wohnung,residential
wood,commercial
wooden,commercial
Woodland Court,commercial
works,commercial
Works,commercial
workshop,commercial
yard,commercial
yes,residential
"yes, apartments, retail",commercial
"yes, public",commercial
"yes,_museum",commercial
"yes,_office_bild",commercial
"yes,_restaurant,_market",commercial
yes/shrine,commercial
yes;apartment,residential
yes;apartments,residential
yes;commercial,commercial
yes;house,residential
yes;hut,commercial
yes;industrial,industrial
yes;pavilion,commercial
yes;residential,residential
yes;used,commercial
Zabudowa szeregowa M,commercial
Zagros_shoping_center,commercial
Zentrum,commercial
Zorgboerderij,residential
